corpus,system,seeds_used,test_rows,test_groups,auroc,auroc_sd,bacc,mcc,ece,brier,ms,p95_ms,aurc
cogensumm,OURS,10,400,100,0.6898291812354314,0.03987678171380151,0.6216200466200467,0.24401494670327092,0.2502247643562371,0.22669444530295135,99.25367004764848,196.9064617929615,0.27078034714038235
cogensumm,no_verifier,10,400,100,0.5650823135198135,0.020948510934600297,0.5392482517482518,0.07662649946832652,0.3053781947770647,0.2660183390649434,24.547617877226003,55.51494542637736,0.46437039795254204
cogensumm,fixed::factcc,10,400,100,0.6458934294871794,0.0688192797233581,0.5932837995337996,0.17600669682879705,0.24625220203224257,0.229507428370526,31.57910665743111,60.56191722577203,0.3203494404816374
cogensumm,fixed::factkb,10,400,100,0.6676537004662004,0.017964750693358834,0.6016754079254079,0.2156904295025004,0.27303128970387036,0.23521451546439942,32.37605299338975,62.944712170978164,0.30263950712628807
cogensumm,fixed::hhem,10,400,100,0.5,0.0,0.5,0.0,0.5217891233189936,0.4776464837735679,219.66022293693823,454.67156308753283,0.589035491802916
cogensumm,fixed::wecheck,10,400,100,0.7659946824009325,0.00911428787807435,0.6777972027972028,0.3897122621871225,0.25653289097146953,0.20850804827360814,551.3121812777063,1123.2974994922076,0.1950403490828272
cogensumm,fixed::factcg,10,400,100,0.7924825174825175,0.015883427700357604,0.7297785547785548,0.3973962956183535,0.19271342369403036,0.1804301386097472,279.0244798091953,769.2608846694563,0.19248060188265495
cogensumm,fixed::minicheck_dbta,10,400,100,0.5987179487179486,0.026428876586028167,0.5552156177156177,0.11753613843625468,0.3035959734148531,0.2645318177990045,598.5342324552112,1573.1749849653788,0.44948258595644175
cogensumm,fixed::minicheck_ft5,10,400,100,0.7676518793706294,0.010968348566247108,0.7107954545454546,0.3853150549106019,0.28519628831925325,0.2285926137189788,337.8769822078866,789.4015330089277,0.3022021640140008
cogensumm,fixed::alignscore,10,400,100,0.7259487907925407,0.05499432863523897,0.6424533799533799,0.26278007706490825,0.2890060440249896,0.2435948440021453,534.6499088775126,1082.1587160719753,0.3347197378385822
cogensumm,fixed::lettuce_v2,10,400,100,0.5083861451048952,0.002833325663334347,0.508041958041958,0.04902581566706919,0.29772700445544253,0.2613733954767333,48.93107480905019,99.5180698882613,0.3002864128736733
cogensumm,fixed::granite_guardian_3_1_2b,10,400,100,0.7690468385780885,0.02826866828545711,0.6752913752913753,0.34224854610219435,0.24195115035114328,0.20604287180637906,115.51874408397998,216.75177052749487,0.2406006526221037
cogensumm,fixed::granite_guardian_3_2_3b_a800m,10,400,100,0.7030193764568765,0.012797318916396965,0.6307109557109557,0.2443809107388355,0.2926933928654414,0.2508422704942163,325.8307102890467,481.0550335663356,0.3171011958408052
cogensumm,fixed::granite_guardian_3_2_8b_factuality,10,400,100,0.7018957604895105,0.08164649128285413,0.563432400932401,0.1257679982211554,0.5617690646526884,0.48632247458521094,354.5349781376608,554.6405255067546,0.5943902847053271
cogensumm,fixed::granite_guardian_4_1_3b_factuality_lora,10,400,100,0.4961738782051282,0.012993075847691726,0.49884906759906755,-0.01040783280367911,0.6162097151491428,0.5665623728904375,333.42637820277014,476.792974480689,0.7431838318347218
cogensumm,fixed::qwen30_fast,10,400,100,0.7475160256410256,0.004964937122932723,0.7142773892773893,0.44553003074244096,0.29301419955500096,0.22571830005197682,182.39217578032185,285.0497683122266,0.28470167207744856
cogensumm,fixed::qwen30_judge,10,400,100,0.7792030885780885,0.015740097218050454,0.7395104895104895,0.4674706538822348,0.28658001401927713,0.21434924638419375,660.6079500651467,1302.166076179179,0.2736339073983296
frank,OURS,10,1569,350,0.8149529633671821,0.011676529270841366,0.7215920684255481,0.3537401553949544,0.04635889571671263,0.11597149253451824,112.15410048442186,214.15646978921944,0.1370631692979532
frank,no_verifier,10,1569,350,0.780540743333017,0.010705784151201492,0.7272105141406472,0.34768448359846427,0.05197802224744642,0.12240986624888558,12.015866844211576,28.336795431714727,0.11395835971101798
frank,fixed::factcc,10,1569,350,0.7421238848818449,0.014332472481450033,0.6645220413780013,0.3248582954069348,0.04170817996300927,0.11984929302572551,20.765779166888766,37.17664334384692,0.1039919860140081
frank,fixed::factkb,10,1569,350,0.8642177564771757,0.010429926982972284,0.7637531733415583,0.45079539554293896,0.0436146010557304,0.1035523123186238,20.85797314671796,37.671870458647604,0.06092623449136497
frank,fixed::hhem,10,1569,350,0.7847173946569233,0.02913709504308206,0.6704354299136377,0.32217663787077394,0.03641560663569644,0.11849932920046916,39.27589303309075,77.02478991034066,0.06820157798988084
frank,fixed::wecheck,10,1569,350,0.8210339162000568,0.009395323250320083,0.7725750628736833,0.41292302586608026,0.033662467452931985,0.11215866543961599,111.06041783206483,214.0141330245323,0.1067453223925319
frank,fixed::factcg,10,1569,350,0.8350298353421277,0.005211554148240383,0.7682983178324001,0.41764590233696497,0.039850498896810395,0.11198424383297786,149.20458483531033,382.4323937496243,0.07954504142313626
frank,fixed::minicheck_dbta,10,1569,350,0.677319801651324,0.019712607639661574,0.621163222454209,0.20124001765626692,0.04495874896720792,0.13494858976958585,140.37261357389937,365.6283743753924,0.22295517777941587
frank,fixed::minicheck_ft5,10,1569,350,0.786778583799943,0.015211394514049285,0.7400376352377338,0.3732786940085696,0.04712826762114356,0.11829549598869174,177.08893072278843,441.0848796973984,0.09570420822783617
frank,fixed::alignscore,10,1569,350,0.8085999039100313,0.005929634921617457,0.7040130907753631,0.3396977698363695,0.05047003683288197,0.12008112423075883,210.80387059157206,509.1234583170264,0.07074894153804528
frank,fixed::lettuce_v2,10,1569,350,0.6395447292872734,0.0002851965916804525,0.6389785695643921,0.2382075286472311,0.021548596375305713,0.12990977230356043,34.90586531193789,63.81051056186627,0.34527362686813867
frank,fixed::granite_guardian_3_1_2b,10,1569,350,0.8266707495017558,0.015447417537324424,0.7381398583562684,0.3932504817786574,0.04464285049540827,0.11376679490474553,145.26151345412336,205.87938257212872,0.07463177862822015
frank,fixed::granite_guardian_3_2_3b_a800m,10,1569,350,0.8204268292682928,0.004790996155418389,0.725229844832495,0.3661995740695712,0.045842536911917794,0.11716898964307736,186.52376984238566,226.4149585599278,0.10011784074100394
frank,fixed::granite_guardian_3_2_8b_factuality,10,1569,350,0.8001304925500617,0.0058060072213238605,0.789203965787226,0.4298355317258532,0.030913622586684102,0.11227577069633829,1041.1390476396327,1211.0916299710075,0.10379380337470452
frank,fixed::granite_guardian_4_1_3b_factuality_lora,10,1569,350,0.8323299741387491,0.007286287608933716,0.7225735800037961,0.37916851261893697,0.04316216339207106,0.11382683412598962,414.793192912824,479.0938876481885,0.08063187732131574
frank,fixed::qwen30_fast,10,1569,350,0.8119663151276454,0.013174537870198701,0.786057612460852,0.42946231330714246,0.035222506984576706,0.11177386482113882,230.67330006185534,284.7892673941227,0.09779448703178517
frank,fixed::qwen30_judge,10,1569,350,0.820116019739964,0.01770026155836509,0.7920346161146435,0.44060852904677084,0.03978823820924303,0.11178215109798964,637.2455644787219,1382.4109644150342,0.09600048968359101
ragtruth,OURS,10,900,150,0.6214303832328387,0.01645805806013748,0.6272930194805194,0.3394455193857415,0.051553828826405926,0.15597562780720722,66.01411445805084,153.764959485996,0.2124860519869479
ragtruth,no_verifier,10,900,150,0.6089822008348794,0.00856628632722965,0.5721634392393321,0.12444223548578873,0.06753873719596447,0.17127086984380296,22.94628106917177,61.5716698433906,0.22889492797106215
ragtruth,fixed::factcc,10,900,150,0.4872659148886827,0.008607544272510455,0.4926281307977737,-0.012601877465227992,0.07650048210516147,0.17984113361892845,33.056812844971624,83.13293342245257,0.3775820344462496
ragtruth,fixed::factkb,10,900,150,0.5560662830473098,0.005589768999735129,0.5256884856215212,0.05258644779016497,0.07339532003610696,0.17603942955704074,32.7621808857463,83.43577900094286,0.351973061669544
ragtruth,fixed::hhem,10,900,150,0.5,0.0,0.5,0.0,0.04536410920586337,0.1725113934944192,266.2694802676285,697.0122885315712,0.44862490871005056
ragtruth,fixed::wecheck,10,900,150,0.7028351113172542,0.003781805221698012,0.6313065282931355,0.24814267401440424,0.060552062101002835,0.15664970769376318,534.6906292758908,1400.3577936764984,0.13945089457002632
ragtruth,fixed::factcg,10,900,150,0.7798871608302411,0.0024937322469138225,0.6892494782003711,0.38626213792630565,0.057345772697450524,0.13889880903042778,233.740264848903,719.8230628411142,0.11110354674497533
ragtruth,fixed::minicheck_dbta,10,900,150,0.6763548672309833,0.0037548425596213913,0.6259696776437847,0.2198230097798485,0.0662494331230741,0.16504749338500962,566.2729475886913,1767.5626538189183,0.237800661682478
ragtruth,fixed::minicheck_ft5,10,900,150,0.7229599083951762,0.005105106013993898,0.6268944225417441,0.3411829792963285,0.06605191806145996,0.14687565426392352,276.72215836134444,697.4941032149507,0.13020740448913568
ragtruth,fixed::alignscore,10,900,150,0.7998416483070502,0.002359663189082045,0.7418294874768089,0.41077332480695067,0.0690363525430263,0.13927058315943647,650.5134221573325,1768.8140032245221,0.12532074523251244
ragtruth,fixed::lettuce_v2,10,900,150,0.6367553484461966,0.0014912735849036576,0.6338358070500929,0.3461481650075907,0.04238696057268772,0.1543668904329807,43.85027203289953,93.75171298321058,0.22070416210884197
ragtruth,fixed::granite_guardian_3_1_2b,10,900,150,0.6214220489332096,0.0036541098741205403,0.5650249304267161,0.16030586701172048,0.08227641896790247,0.1700836339096313,109.16766304939748,178.00336704113892,0.1824739497671691
ragtruth,fixed::granite_guardian_3_2_3b_a800m,10,900,150,0.5926516842532468,0.005693961268517489,0.5370231331168831,0.10970152484687119,0.06738518001112995,0.17689704779111348,318.02977152009976,474.88414085453644,0.22530295208950452
ragtruth,fixed::granite_guardian_3_2_8b_factuality,10,900,150,0.5834111201298702,0.04601739610421676,0.5000710227272728,0.0017597941118232228,0.4738827237305954,0.3968062124580551,340.9191824402967,508.2464753973165,0.7094468416175504
ragtruth,fixed::granite_guardian_4_1_3b_factuality_lora,10,900,150,0.5863636363636363,0.010854883830197195,0.5183035714285714,0.06029212328041137,0.5555371041777178,0.5040811710431748,322.68140916888495,420.5505805976248,0.7224404664995678
ragtruth,fixed::qwen30_fast,10,900,150,0.6591847605519481,0.006585293057074789,0.6425759508348794,0.3789026031697592,0.07372764848154585,0.14775669921619033,183.10649941686196,264.1211752732681,0.16807050525179196
ragtruth,fixed::qwen30_judge,10,900,150,0.728461995593692,0.00034542626862013186,0.6600562384044526,0.4410771174853105,0.07918175347109352,0.13654171001215404,484.23857674757403,781.7281348825903,0.14417615181387938
unisumeval,OURS,10,367,45,0.63796405305706,0.028124851495569748,0.5723451848363551,0.19194182918554453,0.06964829968587355,0.18075138561458487,255.82444259876016,952.8619759455878,0.1901674212808772
unisumeval,no_verifier,10,367,45,0.5650655364571069,0.01518269555618204,0.5426928812495095,0.0800147878190171,0.06072234699732502,0.1950574405054836,106.5967253184624,582.4681370657005,0.35237012756213987
unisumeval,fixed::factcc,10,367,45,0.5432010831174947,0.016877809600429464,0.5146887999372106,0.034563271341523566,0.049681313356497475,0.19246150507189866,127.29615543184919,428.8471196979188,0.3958784121796928
unisumeval,fixed::factkb,10,367,45,0.47220783298014285,0.007085285748095507,0.4872812181147476,-0.045826418772565755,0.07230154740926134,0.19896068726752167,121.57122266220074,444.5667562771032,0.39368113721292924
unisumeval,fixed::hhem,10,367,45,0.4990777803940036,0.002766658817989165,0.5,0.0,0.03213067578188513,0.19075871016980453,908.6137388547498,2796.7057608644545,0.4656178030604692
unisumeval,fixed::wecheck,10,367,45,0.6508005651047799,0.004519870676705605,0.5826092928341575,0.1803711483626516,0.09650985446383946,0.1825111754726198,1986.6417306988465,5632.817612301932,0.21221922735177307
unisumeval,fixed::factcg,10,367,45,0.6293619025194255,0.011123679227906847,0.5657797661094105,0.19274046408714912,0.05355786170410903,0.1821231610658346,2254.292698832954,12482.78126656433,0.21514034699127788
unisumeval,fixed::minicheck_dbta,10,367,45,0.547873008398085,0.00995743560013804,0.5281865630641237,0.0860087243440027,0.07971018867407284,0.2002686800244129,1596.8693356319222,5133.4578284723,0.2957295125067674
unisumeval,fixed::minicheck_ft5,10,367,45,0.5833039007927164,0.009915831233301916,0.5456125892787067,0.08519300371519885,0.09474533299502705,0.20102717826219657,1405.8419082140385,5029.088119035237,0.2505503185145469
unisumeval,fixed::alignscore,10,367,45,0.605578447531591,0.014027433581122272,0.5568558197943647,0.11716161117880364,0.06116054459957028,0.1907820009086046,1873.1010797911827,6904.808756592999,0.22435273480464696
unisumeval,fixed::lettuce_v2,10,367,45,0.5056353504434503,0.011246301079779314,0.5068793658268582,0.010660203380941813,0.05475091779345868,0.19684675043703626,233.12636534647717,848.1390061941069,0.3226525839511418
unisumeval,fixed::granite_guardian_3_1_2b,10,367,45,0.6642080684404678,0.009148062285828885,0.5780374381916646,0.18620638093560643,0.08184504770950643,0.18619286631951124,147.60255547473446,348.7111619220808,0.19318374435786795
unisumeval,fixed::granite_guardian_3_2_3b_a800m,10,367,45,0.579018522878895,0.0063115181091786265,0.5256730240954399,0.07071312505635957,0.14817949313061102,0.21082912937175186,394.2077484317216,642.7870546582424,0.2564360809065228
unisumeval,fixed::granite_guardian_3_2_8b_factuality,10,367,45,0.614094262616749,0.04416437476929474,0.5684208460874343,0.18220551823004977,0.15079893430156913,0.21184046013568775,410.6252381579793,705.3193046820068,0.3851449982127994
unisumeval,fixed::granite_guardian_4_1_3b_factuality_lora,10,367,45,0.4657032415038066,0.007916775695521775,0.47062436229495336,-0.05886991630783748,0.23821164053896454,0.32787327574652797,393.9703805894402,671.405342160371,0.589986775271787
unisumeval,fixed::qwen30_fast,10,367,45,0.6866101561886822,0.010459839626612798,0.6522427595950082,0.37703101851429877,0.06768219571998135,0.16586621716219874,232.1796274443499,557.4411744851842,0.21443104278560451
unisumeval,fixed::qwen30_judge,10,367,45,0.7241582293383565,0.000948521686775322,0.6519700180519583,0.411053105379943,0.04296408858238997,0.15606024059449408,666.2302581019645,1425.7412029391573,0.19844883740087943
