candidates,corpus,seed,selected,val_auroc,test_auroc
all15,cogensumm,17,minicheck_ft5,0.7702254641909815,0.7858755827505828
all15,cogensumm,29,factcg,0.7563720622310494,0.7857116841491842
all15,cogensumm,43,wecheck,0.7457795431976166,0.7596882284382286
all15,cogensumm,7,granite_guardian_3_1_2b,0.7071074380165289,0.7935788170163169
all15,cogensumm,11,wecheck,0.684,0.7599978146853147
all15,cogensumm,23,factcg,0.6111665004985045,0.7684112762237763
all15,cogensumm,31,minicheck_ft5,0.6809999999999999,0.7684294871794872
all15,cogensumm,37,wecheck,0.6918238993710693,0.7786276223776224
all15,cogensumm,53,wecheck,0.7663025488248925,0.7722902097902098
all15,cogensumm,61,qwen30_judge,0.683531746031746,0.785693473193473
all15,frank,17,factkb,0.8880070546737213,0.8773770404289647
all15,frank,29,granite_guardian_3_1_2b,0.8756404285048905,0.836178466356648
all15,frank,43,factkb,0.8935828877005347,0.8686058650469775
all15,frank,7,granite_guardian_3_1_2b,0.8975535168195719,0.8352768814653128
all15,frank,11,factcg,0.877927927927928,0.833421811236595
all15,frank,23,factkb,0.919811320754717,0.8784610183164088
all15,frank,31,minicheck_ft5,0.888695652173913,0.7649413969820632
all15,frank,37,granite_guardian_4_1_3b_factuality_lora,0.8466076696165192,0.8273924622757901
all15,frank,53,factkb,0.8440026954177897,0.8644345520546646
all15,frank,61,alignscore,0.8448724622592401,0.8001847655879283
all15,ragtruth,17,factcg,0.7562594071068648,0.7798983940166976
all15,ragtruth,29,factcg,0.8112396834850677,0.7734991013450834
all15,ragtruth,43,factcg,0.7665730943640682,0.7800868216604823
all15,ragtruth,7,factcg,0.7579167246901546,0.7799563717532467
all15,ragtruth,11,factcg,0.749983304617275,0.7808731447124304
all15,ragtruth,23,factcg,0.7500270095073465,0.7778293135435993
all15,ragtruth,31,factcg,0.7847477965821161,0.7815616303339518
all15,ragtruth,37,factcg,0.7798634114423589,0.7803549686920221
all15,ragtruth,53,factcg,0.803189290809456,0.7828625057977737
all15,ragtruth,61,alignscore,0.7200632998486308,0.8011834705473099
all15,unisumeval,17,qwen30_fast,0.7877842755035738,0.6787340083195982
all15,unisumeval,29,qwen30_judge,0.7375151515151516,0.7252962875755435
all15,unisumeval,43,wecheck,0.7207310838445808,0.6537948355702065
all15,unisumeval,7,wecheck,0.798755430315839,0.6546189467074798
all15,unisumeval,11,wecheck,0.7756432246998285,0.6436111765167569
all15,unisumeval,23,wecheck,0.7579124579124579,0.6566596028569186
all15,unisumeval,31,wecheck,0.7638199858256556,0.648516599952908
all15,unisumeval,37,qwen30_fast,0.7375013324805457,0.6978847814143317
all15,unisumeval,53,wecheck,0.7761831726555652,0.6493603327839259
all15,unisumeval,61,wecheck,0.8195146612740141,0.647967192528059
pool3,cogensumm,17,granite_guardian_3_1_2b,0.6090848806366048,0.7813046328671328
pool3,cogensumm,29,granite_guardian_3_1_2b,0.5921880172128435,0.7449009324009325
pool3,cogensumm,43,granite_guardian_3_1_2b,0.6054286660046341,0.7905193764568764
pool3,cogensumm,7,granite_guardian_3_1_2b,0.7071074380165289,0.7935788170163169
pool3,cogensumm,11,lettuce_v2,0.507,0.510689831002331
pool3,cogensumm,23,granite_guardian_3_1_2b,0.5689597873047524,0.7525131118881119
pool3,cogensumm,31,granite_guardian_3_1_2b,0.6226666666666666,0.7878605769230769
pool3,cogensumm,37,granite_guardian_3_1_2b,0.6444885799404171,0.7952542249417249
pool3,cogensumm,53,granite_guardian_3_1_2b,0.6239655743131414,0.7472319347319348
pool3,cogensumm,61,granite_guardian_3_1_2b,0.6435185185185186,0.7909200174825174
pool3,frank,17,granite_guardian_3_1_2b,0.8509700176366843,0.8435171894277309
pool3,frank,29,granite_guardian_3_1_2b,0.8756404285048905,0.836178466356648
pool3,frank,43,granite_guardian_3_1_2b,0.8582887700534759,0.7874009442915442
pool3,frank,7,granite_guardian_3_1_2b,0.8975535168195719,0.8352768814653128
pool3,frank,11,granite_guardian_3_1_2b,0.8617117117117118,0.8151187482205561
pool3,frank,23,granite_guardian_3_1_2b,0.8929245283018867,0.8240026217139604
pool3,frank,31,granite_guardian_3_1_2b,0.8330434782608696,0.8218020428015564
pool3,frank,37,granite_guardian_3_1_2b,0.8284169124877089,0.8328138345828983
pool3,frank,53,granite_guardian_3_1_2b,0.8295148247978437,0.8305569066147861
pool3,frank,61,granite_guardian_3_1_2b,0.8266527850078084,0.8400398595425643
pool3,ragtruth,17,lettuce_v2,0.7345592565931549,0.6374797077922079
pool3,ragtruth,29,lettuce_v2,0.7272469440426558,0.6353055426716141
pool3,ragtruth,43,lettuce_v2,0.7435961455409199,0.6376500173933211
pool3,ragtruth,7,lettuce_v2,0.6746066007519844,0.6374833314007422
pool3,ragtruth,11,lettuce_v2,0.7211603958809152,0.6377587256493508
pool3,ragtruth,23,lettuce_v2,0.703260047536733,0.6353707676252318
pool3,ragtruth,31,lettuce_v2,0.709355733024372,0.6375413091372912
pool3,ragtruth,37,lettuce_v2,0.7246009351272509,0.6380776032003712
pool3,ragtruth,53,lettuce_v2,0.728496953373955,0.637628275742115
pool3,ragtruth,61,lettuce_v2,0.6961538461538461,0.6332582038497216
pool3,unisumeval,17,granite_guardian_3_1_2b,0.7692007797270956,0.6597794521623106
pool3,unisumeval,29,granite_guardian_3_1_2b,0.7117575757575757,0.6671768307040263
pool3,unisumeval,43,granite_guardian_3_1_2b,0.6906952965235174,0.6696687858095911
pool3,unisumeval,7,granite_guardian_3_1_2b,0.7027122226135963,0.6485754650341418
pool3,unisumeval,11,granite_guardian_3_1_2b,0.7359634076615209,0.6660583941605838
pool3,unisumeval,23,granite_guardian_3_1_2b,0.6763187429854096,0.6483400047092065
pool3,unisumeval,31,granite_guardian_3_1_2b,0.7182849043231749,0.6790087120320227
pool3,unisumeval,37,granite_guardian_3_1_2b,0.6966208293358918,0.6714936033278393
pool3,unisumeval,53,granite_guardian_3_1_2b,0.676489921121823,0.6665096931167098
pool3,unisumeval,61,granite_guardian_3_1_2b,0.7285136501516684,0.6654697433482458
