kind,subset,size,auroc,auroc_sd,ms,ms_det
feat,structured_source_line_ratio|bm25_mean3|entity_coverage|entity_value_colocation|year_count,5,0.793929075231133,0.001279964279186062,113.27077439955931,88.9207347046211
feat,structured_source_line_ratio|bm25_mean3|entity_coverage|entity_value_colocation|year_count|conflicting_value_rate,6,0.7933003646708998,0.0017336722302635004,112.54024165061182,88.18900778163763
feat,structured_source_line_ratio|bm25_mean3|entity_coverage|entity_value_colocation,4,0.7929333821590909,0.0020678860894452443,112.45030895477721,88.09698104159702
feat,structured_source_line_ratio|bm25_mean3|entity_coverage|entity_value_colocation|conflicting_value_rate,5,0.7928833724052154,0.0014809042774210142,112.0685003086131,87.71869818849899
feat,structured_source_line_ratio|bm25_mean3|entity_coverage|year_count|conflicting_value_rate,5,0.7921602747773804,0.0017024760430908918,114.63138067914242,90.28070506991773
feat,structured_source_line_ratio|bm25_mean3|entity_coverage|year_count,4,0.7912658049427904,0.0018647126647184213,113.33723984634625,88.9890501804711
feat,structured_source_line_ratio|bm25_mean3|entity_coverage|conflicting_value_rate,4,0.7902384061378376,0.001760915192870407,114.11141444337804,89.76210398671465
feat,structured_source_line_ratio|bm25_mean3|entity_coverage,3,0.7895049767316511,0.0019254637160084308,112.03306067446302,87.68446286797514
feat,structured_source_line_ratio|bm25_mean3|entity_value_colocation|year_count,4,0.7880975545399498,0.0018224646799039756,109.24097445222235,84.8941006733424
feat,structured_source_line_ratio|bm25_mean3|entity_value_colocation|year_count|conflicting_value_rate,5,0.7880502792540145,0.002756749081071782,110.43360122731664,86.08335378590417
feat,structured_source_line_ratio|bm25_mean3|entity_value_colocation,3,0.7880249727398917,0.0025852326108428006,110.0958979068771,85.74555103485838
feat,structured_source_line_ratio|bm25_mean3|entity_value_colocation|conflicting_value_rate,4,0.7877196989942796,0.0030836905884544285,109.96114704585416,85.60859198596141
feat,structured_source_line_ratio|bm25_mean3|conflicting_value_rate,3,0.7845445673169625,0.0017356060334511635,106.99048569899787,82.64208333816246
feat,structured_source_line_ratio|bm25_mean3|year_count|conflicting_value_rate,4,0.7838659062026753,0.0017895143912826047,107.77859059253917,83.42943141398989
feat,structured_source_line_ratio|bm25_mean3|year_count,3,0.7837887913877227,0.0016283993516905172,107.04928170788973,82.69597325408259
feat,structured_source_line_ratio|bm25_mean3,2,0.7831292997394079,0.0017347207883324218,106.95210391059467,82.59662952075752
feat,bm25_mean3|entity_coverage|entity_value_colocation|year_count|conflicting_value_rate,5,0.7794345853249844,0.0030768491701311552,120.01054163785508,95.66138766041847
feat,bm25_mean3|entity_coverage|entity_value_colocation|conflicting_value_rate,4,0.7787372170671394,0.002479984574581563,120.22478545182801,95.87346799930138
feat,bm25_mean3|entity_coverage|entity_value_colocation|year_count,4,0.778232800760464,0.0019737244115985175,121.50774205990778,97.15364598403751
feat,bm25_mean3|entity_coverage|entity_value_colocation,3,0.777996790805873,0.002229930255393216,119.67268611483719,95.32359900228646
feat,bm25_mean3|entity_coverage|year_count|conflicting_value_rate,4,0.7746673702988293,0.0026715392887780125,125.12800021514434,100.77320074033331
feat,bm25_mean3|entity_coverage|conflicting_value_rate,3,0.7701176413212499,0.003903683885291494,124.35089139495567,99.99884111025152
feat,structured_source_line_ratio|entity_coverage|entity_value_colocation|year_count,4,0.7677407572164583,0.002412179866899604,156.49334680174363,132.13943029886718
feat,structured_source_line_ratio,1,0.7675557154890413,0.004243474914462758,148.8033031462056,124.45774717620827
feat,structured_source_line_ratio|entity_value_colocation|year_count,3,0.7671658762080992,0.0032227774507399298,149.37912696579343,125.03106437194813
feat,structured_source_line_ratio|entity_coverage|entity_value_colocation|year_count|conflicting_value_rate,5,0.767141652204996,0.002542775330798925,160.35040731448072,135.99930696763897
feat,structured_source_line_ratio|entity_value_colocation,2,0.7667820612137429,0.0043478815129253485,156.7689430573459,132.41589796090295
feat,structured_source_line_ratio|entity_value_colocation|year_count|conflicting_value_rate,4,0.7666996325100612,0.0030516359137604783,151.78608529720697,127.43589191337495
feat,bm25_mean3|entity_coverage,2,0.7666893345601792,0.0036746099293219242,132.37920399237174,108.02724288220877
feat,structured_source_line_ratio|entity_coverage|entity_value_colocation,3,0.7665520135268773,0.003210043637279683,167.18624871236574,142.84066913741145
feat,structured_source_line_ratio|entity_coverage|year_count|conflicting_value_rate,4,0.7661424184198271,0.0034237145136865855,159.86862169294955,135.52147138667607
feat,structured_source_line_ratio|entity_value_colocation|conflicting_value_rate,3,0.7658695833572952,0.0038563970417029316,159.8322764115979,135.48235087921665
feat,structured_source_line_ratio|entity_coverage|entity_value_colocation|conflicting_value_rate,4,0.7653471646668402,0.0027260997271879705,166.73471744164627,142.38341944731786
feat,structured_source_line_ratio|year_count,2,0.7653001600086601,0.004308708341762506,144.74253585940423,120.4027553808565
feat,structured_source_line_ratio|entity_coverage,2,0.7652070330515421,0.0029127183577621774,162.77412830979466,138.42807135552988
feat,structured_source_line_ratio|conflicting_value_rate,2,0.765085163171622,0.003704874661406034,162.08123677653222,137.73521107778643
feat,bm25_mean3|entity_coverage|year_count,3,0.7646767041373345,0.0033495418814598866,126.98837731474438,102.63369022888712
feat,structured_source_line_ratio|entity_coverage|conflicting_value_rate,3,0.7645323326872095,0.004091965584636774,168.8187602472154,144.46342805510943
feat,structured_source_line_ratio|entity_coverage|year_count,3,0.7645296799714038,0.003485876392379416,156.53039256016942,132.18241675425836
feat,structured_source_line_ratio|year_count|conflicting_value_rate,3,0.7642940900536408,0.0045948274435615895,151.04324014243682,126.69432771025663
feat,entity_coverage,1,0.7596982754246319,0.0017580449235825519,179.78406909916862,155.4397916953964
feat,entity_coverage|entity_value_colocation,2,0.7577873869424364,0.0023783976274806043,182.58170216695396,158.24428611004475
feat,entity_coverage|entity_value_colocation|year_count|conflicting_value_rate,4,0.7571361522596853,0.0012473623045741323,178.7955887506196,154.44521532296466
feat,entity_coverage|entity_value_colocation|conflicting_value_rate,3,0.7569314702867639,0.0025191066314358425,182.37246210863105,158.02378320377855
feat,entity_coverage|entity_value_colocation|year_count,3,0.7569208453283447,0.0023405620594354956,176.69906853358037,152.3522738305952
feat,entity_coverage|conflicting_value_rate,2,0.7563284468109338,0.003185198851865348,181.31607458277304,156.9691805504313
feat,entity_coverage|year_count,2,0.7559761712261804,0.0025704359818521393,174.47143350303594,150.1237464907919
feat,entity_coverage|year_count|conflicting_value_rate,3,0.7557965223205879,0.0023550833042830714,181.8040008928681,157.45673714273886
feat,conflicting_value_rate,1,0.7484778908400399,0.0023160939366024405,195.4624990671904,171.1102593179643
feat,entity_value_colocation|conflicting_value_rate,2,0.7479834003700834,0.0025304218415195057,187.66210898927955,163.31350656704998
feat,entity_value_colocation|year_count|conflicting_value_rate,3,0.7478763952834092,0.002389926903818122,185.8456111175818,161.49952316724057
feat,entity_value_colocation,1,0.7473606041539106,0.002571958300996966,188.29571839718074,163.951152714792
feat,bm25_mean3|conflicting_value_rate,2,0.7465999484679651,0.002034629584236777,197.51387199816395,173.15906421089684
feat,bm25_mean3|year_count|conflicting_value_rate,3,0.745346042689273,0.0032739255035470873,199.35194896476355,175.00606547628774
feat,entity_value_colocation|year_count,2,0.7448935305307576,0.002244378259958982,184.95175975731894,160.6067122262216
feat,year_count|conflicting_value_rate,2,0.7433522970094506,0.0035107973519866937,194.04293935856356,169.6924598876608
feat,bm25_mean3|entity_value_colocation|conflicting_value_rate,3,0.7422411417333933,0.004519945716668195,190.55393645506663,166.19855224680646
feat,bm25_mean3|entity_value_colocation|year_count|conflicting_value_rate,4,0.74145017010082,0.0033554948250245496,188.5760879167562,164.22000280770834
feat,(empty),0,0.7402366949810955,0.001289763838296657,210.97436660495515,186.67551019827846
feat,bm25_mean3|entity_value_colocation,2,0.7395187364615646,0.004580142964343396,188.46230097064745,164.1177118154619
feat,bm25_mean3|year_count,2,0.7389985701833617,0.0019252063714595786,205.0638185506436,180.71104628592283
feat,bm25_mean3,1,0.7385024756801496,0.002087243533950076,204.87250941849803,180.52046862446292
feat,bm25_mean3|entity_value_colocation|year_count,3,0.7381475107320818,0.004580212421824132,191.15560035675216,166.80267999464837
feat,year_count,1,0.7368511615004956,0.0029569187402895204,202.98459814186464,178.64777175712783
pool,factcc+lettuce_v2+granite_guardian_3_1_2b,3,0.7933003646708998,0.0017336722302635004,112.54306017058127,88.18900778163763
pool,lettuce_v2+granite_guardian_3_1_2b,2,0.7548729910117757,0.001775058987854125,189.57317376289913,165.3826614747416
pool,(empty),0,0.7492518072859757,0.0014196232903622716,33.37553120964875,33.22136512419523
pool,factcc+granite_guardian_3_1_2b,2,0.7429985639814756,0.002044064497755969,189.61047745422948,165.41149861676396
pool,granite_guardian_3_1_2b,1,0.7402366949810955,0.001289763838296657,210.69716871941318,186.67551019827846
pool,factcc+lettuce_v2,2,0.6943706213274969,0.002307264091497015,88.8877806228792,64.68935867472598
pool,lettuce_v2,1,0.6121616504684679,0.0048794444479056094,107.03372468144626,83.00875115829048
pool,factcc,1,0.5323734984388162,0.002872234000409934,78.21656788179266,54.19210485507406
