system,coverage,selective_error
OURS,0.02,0.016923076923076874
OURS,0.04,0.014728682170542661
OURS,0.06,0.01494845360824737
OURS,0.08,0.011196911196911175
OURS,0.1,0.008950617283950657
OURS,0.12000000000000001,0.007474226804123685
OURS,0.13999999999999999,0.0064017660044150436
OURS,0.16,0.008494208494208478
OURS,0.18,0.01872852233676976
OURS,0.19999999999999998,0.04435857805255024
OURS,0.22,0.08230337078651687
OURS,0.24,0.10283140283140284
OURS,0.26,0.11759809750297263
OURS,0.28,0.12483443708609274
OURS,0.30000000000000004,0.12801235839340888
OURS,0.32,0.1291505791505792
OURS,0.34,0.1320909090909091
OURS,0.36000000000000004,0.13510729613733904
OURS,0.38,0.137479674796748
OURS,0.4,0.13817619783616691
OURS,0.42000000000000004,0.1381898454746137
OURS,0.44,0.13721910112359553
OURS,0.46,0.1371390194761585
OURS,0.48000000000000004,0.14108177720540888
OURS,0.5,0.1433868974042027
OURS,0.52,0.14616755793226383
OURS,0.54,0.1484831139095592
OURS,0.56,0.14839955849889627
OURS,0.5800000000000001,0.1468300479488546
OURS,0.6,0.14752832131822863
OURS,0.62,0.15249252243270192
OURS,0.64,0.15692901979719945
OURS,0.66,0.16221910112359547
OURS,0.68,0.1695
OURS,0.7000000000000001,0.1759823399558499
OURS,0.7200000000000001,0.18317596566523603
OURS,0.74,0.18997912317327764
OURS,0.76,0.19735664904432695
OURS,0.78,0.20427892234548337
OURS,0.8,0.21151023561220547
OURS,0.8200000000000001,0.21853805576488322
OURS,0.8400000000000001,0.2228476821192053
OURS,0.86,0.2270212001437298
OURS,0.88,0.23110955056179777
OURS,0.9,0.2338942307692308
OURS,0.92,0.23903258313738665
OURS,0.9400000000000001,0.24746877054569363
OURS,0.9600000000000001,0.2565819118120374
OURS,0.98,0.26196783349101227
OURS,1.0,0.2635352286773795
OURS_legacy_hp,0.02,0.018461538461538418
OURS_legacy_hp,0.04,0.014728682170542661
OURS_legacy_hp,0.06,0.01494845360824737
OURS_legacy_hp,0.08,0.011196911196911175
OURS_legacy_hp,0.1,0.008950617283950657
OURS_legacy_hp,0.12000000000000001,0.007474226804123685
OURS_legacy_hp,0.13999999999999999,0.0064017660044150436
OURS_legacy_hp,0.16,0.009459459459459441
OURS_legacy_hp,0.18,0.022336769759450193
OURS_legacy_hp,0.19999999999999998,0.045595054095826884
OURS_legacy_hp,0.22,0.08426966292134833
OURS_legacy_hp,0.24,0.11222651222651221
OURS_legacy_hp,0.26,0.12449464922711058
OURS_legacy_hp,0.28,0.13035320088300223
OURS_legacy_hp,0.30000000000000004,0.13728115345005149
OURS_legacy_hp,0.32,0.141023166023166
OURS_legacy_hp,0.34,0.1419090909090909
OURS_legacy_hp,0.36000000000000004,0.14343347639484977
OURS_legacy_hp,0.38,0.14723577235772362
OURS_legacy_hp,0.4,0.1473724884080371
OURS_legacy_hp,0.42000000000000004,0.14716703458425312
OURS_legacy_hp,0.44,0.14599719101123593
OURS_legacy_hp,0.46,0.14519811954331766
OURS_legacy_hp,0.48000000000000004,0.14578235672891177
OURS_legacy_hp,0.5,0.1495055624227441
OURS_legacy_hp,0.52,0.1516934046345811
OURS_legacy_hp,0.54,0.1549513451631368
OURS_legacy_hp,0.56,0.15794701986754964
OURS_legacy_hp,0.5800000000000001,0.1571124134256793
OURS_legacy_hp,0.6,0.1565911431513903
OURS_legacy_hp,0.62,0.1585742771684945
OURS_legacy_hp,0.64,0.16450989859971027
OURS_legacy_hp,0.66,0.17027153558052435
OURS_legacy_hp,0.68,0.1752272727272727
OURS_legacy_hp,0.7000000000000001,0.1827814569536424
OURS_legacy_hp,0.7200000000000001,0.19017167381974248
OURS_legacy_hp,0.74,0.19741127348643003
OURS_legacy_hp,0.76,0.20357869052460353
OURS_legacy_hp,0.78,0.2103407290015848
OURS_legacy_hp,0.8,0.21888760139049826
OURS_legacy_hp,0.8200000000000001,0.22528259231348904
OURS_legacy_hp,0.8400000000000001,0.2271891096394408
OURS_legacy_hp,0.86,0.22824290334171757
OURS_legacy_hp,0.88,0.23096910112359553
OURS_legacy_hp,0.9,0.23410027472527473
OURS_legacy_hp,0.92,0.2413167618407793
OURS_legacy_hp,0.9400000000000001,0.24957264957264957
OURS_legacy_hp,0.9600000000000001,0.2594785967170904
OURS_legacy_hp,0.98,0.26496373383790606
OURS_legacy_hp,1.0,0.26987021013597035
fixed::factcc,0.02,0.32
fixed::factcc,0.04,0.4263565891472868
fixed::factcc,0.06,0.47268041237113395
fixed::factcc,0.08,0.4752895752895753
fixed::factcc,0.1,0.4601851851851852
fixed::factcc,0.12000000000000001,0.4765463917525773
fixed::factcc,0.13999999999999999,0.49403973509933774
fixed::factcc,0.16,0.49382239382239385
fixed::factcc,0.18,0.4965635738831615
fixed::factcc,0.19999999999999998,0.49180834621329217
fixed::factcc,0.22,0.49775280898876406
fixed::factcc,0.24,0.49974259974259977
fixed::factcc,0.26,0.505588585017836
fixed::factcc,0.28,0.5107064017660043
fixed::factcc,0.30000000000000004,0.5192584963954686
fixed::factcc,0.32,0.520752895752896
fixed::factcc,0.34,0.5193636363636364
fixed::factcc,0.36000000000000004,0.5167381974248927
fixed::factcc,0.38,0.5120325203252033
fixed::factcc,0.4,0.5071097372488408
fixed::factcc,0.42000000000000004,0.5002207505518764
fixed::factcc,0.44,0.4974719101123595
fixed::factcc,0.46,0.4949630624580255
fixed::factcc,0.48000000000000004,0.49407598197037983
fixed::factcc,0.5,0.49542645241038324
fixed::factcc,0.52,0.4947712418300654
fixed::factcc,0.54,0.4932455638236977
fixed::factcc,0.56,0.49050772626931555
fixed::factcc,0.5800000000000001,0.4893979754928076
fixed::factcc,0.6,0.490010298661174
fixed::factcc,0.62,0.4888334995014956
fixed::factcc,0.64,0.48903911154031876
fixed::factcc,0.66,0.49283707865168536
fixed::factcc,0.68,0.4925
fixed::factcc,0.7000000000000001,0.4870198675496688
fixed::factcc,0.7200000000000001,0.48150214592274676
fixed::factcc,0.74,0.4791231732776618
fixed::factcc,0.76,0.47254981699877996
fixed::factcc,0.78,0.46513470681458
fixed::factcc,0.8,0.46098879876400156
fixed::factcc,0.8200000000000001,0.4596834966088922
fixed::factcc,0.8400000000000001,0.4601913171449595
fixed::factcc,0.86,0.4624865253323751
fixed::factcc,0.88,0.46408005617977527
fixed::factcc,0.9,0.4648695054945054
fixed::factcc,0.92,0.4669129996640914
fixed::factcc,0.9400000000000001,0.46469428007889535
fixed::factcc,0.9600000000000001,0.4642420341165111
fixed::factcc,0.98,0.4642068748029013
fixed::factcc,1.0,0.4680160692212608
fixed::factkb,0.02,0.0
fixed::factkb,0.04,0.013953488372093027
fixed::factkb,0.06,0.01030927835051545
fixed::factkb,0.08,0.011196911196911208
fixed::factkb,0.1,0.012037037037037046
fixed::factkb,0.12000000000000001,0.012628865979381444
fixed::factkb,0.13999999999999999,0.01192052980132451
fixed::factkb,0.16,0.010424710424710404
fixed::factkb,0.18,0.01116838487972508
fixed::factkb,0.19999999999999998,0.010200927357032463
fixed::factkb,0.22,0.01573033707865167
fixed::factkb,0.24,0.03925353925353923
fixed::factkb,0.26,0.06789536266349584
fixed::factkb,0.28,0.09238410596026489
fixed::factkb,0.30000000000000004,0.1145211122554068
fixed::factkb,0.32,0.13455598455598458
fixed::factkb,0.34,0.1589090909090909
fixed::factkb,0.36000000000000004,0.1781974248927039
fixed::factkb,0.38,0.19406504065040647
fixed::factkb,0.4,0.2061823802163833
fixed::factkb,0.42000000000000004,0.2131714495952907
fixed::factkb,0.44,0.22092696629213485
fixed::factkb,0.46,0.22666218938885158
fixed::factkb,0.48000000000000004,0.23180940115904702
fixed::factkb,0.5,0.2353522867737948
fixed::factkb,0.52,0.23969102792632208
fixed::factkb,0.54,0.24430452203777903
fixed::factkb,0.56,0.2487306843267108
fixed::factkb,0.5800000000000001,0.2521044219499201
fixed::factkb,0.6,0.2528836251287333
fixed::factkb,0.62,0.2516450648055832
fixed::factkb,0.64,0.24934814099468855
fixed::factkb,0.66,0.247940074906367
fixed::factkb,0.68,0.24627272727272728
fixed::factkb,0.7000000000000001,0.24715231788079475
fixed::factkb,0.7200000000000001,0.24682403433476394
fixed::factkb,0.74,0.24701461377870562
fixed::factkb,0.76,0.2509556730378203
fixed::factkb,0.78,0.2516244057052298
fixed::factkb,0.8,0.2534569331788335
fixed::factkb,0.8200000000000001,0.25531273549359457
fixed::factkb,0.8400000000000001,0.2600441501103753
fixed::factkb,0.86,0.2637441609773626
fixed::factkb,0.88,0.2672752808988764
fixed::factkb,0.9,0.27101648351648355
fixed::factkb,0.92,0.27302653678199534
fixed::factkb,0.9400000000000001,0.277120315581854
fixed::factkb,0.9600000000000001,0.28361763759253306
fixed::factkb,0.98,0.29050772626931565
fixed::factkb,1.0,0.2945302843016069
fixed::hhem,0.02,0.007692307692307665
fixed::hhem,0.04,0.003875968992248069
fixed::hhem,0.06,0.005154639175257714
fixed::hhem,0.08,0.01737451737451735
fixed::hhem,0.1,0.09259259259259259
fixed::hhem,0.12000000000000001,0.16391752577319582
fixed::hhem,0.13999999999999999,0.20993377483443706
fixed::hhem,0.16,0.2588803088803089
fixed::hhem,0.18,0.3106529209621994
fixed::hhem,0.19999999999999998,0.3624420401854714
fixed::hhem,0.22,0.40786516853932586
fixed::hhem,0.24,0.4474903474903475
fixed::hhem,0.26,0.4784780023781214
fixed::hhem,0.28,0.5003311258278146
fixed::hhem,0.30000000000000004,0.5158599382080331
fixed::hhem,0.32,0.527992277992278
fixed::hhem,0.34,0.5374545454545455
fixed::hhem,0.36000000000000004,0.5436051502145922
fixed::hhem,0.38,0.5459349593495936
fixed::hhem,0.4,0.5431221020092736
fixed::hhem,0.42000000000000004,0.5347314201618837
fixed::hhem,0.44,0.5213483146067416
fixed::hhem,0.46,0.509469442578912
fixed::hhem,0.48000000000000004,0.49735994848679976
fixed::hhem,0.5,0.48782447466007417
fixed::hhem,0.52,0.47765894236482487
fixed::hhem,0.54,0.46800228963938173
fixed::hhem,0.56,0.45982339955849894
fixed::hhem,0.5800000000000001,0.45039957378795964
fixed::hhem,0.6,0.44227600411946455
fixed::hhem,0.62,0.4337487537387836
fixed::hhem,0.64,0.42612264606470296
fixed::hhem,0.66,0.41956928838951313
fixed::hhem,0.68,0.41368181818181815
fixed::hhem,0.7000000000000001,0.40935982339955856
fixed::hhem,0.7200000000000001,0.4046351931330472
fixed::hhem,0.74,0.4008768267223382
fixed::hhem,0.76,0.3958926392842619
fixed::hhem,0.78,0.3913629160063391
fixed::hhem,0.8,0.38675164156044806
fixed::hhem,0.8200000000000001,0.3830821401657875
fixed::hhem,0.8400000000000001,0.38046357615894044
fixed::hhem,0.86,0.37617678763923823
fixed::hhem,0.88,0.37510533707865173
fixed::hhem,0.9,0.378331043956044
fixed::hhem,0.92,0.3830366140409808
fixed::hhem,0.9400000000000001,0.38698224852071006
fixed::hhem,0.9600000000000001,0.39069842291599616
fixed::hhem,0.98,0.3940081993062126
fixed::hhem,1.0,0.3974969097651422
fixed::wecheck,0.02,0.009230769230769199
fixed::wecheck,0.04,0.008527131782945752
fixed::wecheck,0.06,0.006701030927835028
fixed::wecheck,0.08,0.007335907335907321
fixed::wecheck,0.1,0.007716049382716084
fixed::wecheck,0.12000000000000001,0.011855670103092752
fixed::wecheck,0.13999999999999999,0.012803532008830021
fixed::wecheck,0.16,0.02644787644787644
fixed::wecheck,0.18,0.04982817869415808
fixed::wecheck,0.19999999999999998,0.06506955177743431
fixed::wecheck,0.22,0.07865168539325842
fixed::wecheck,0.24,0.09407979407979408
fixed::wecheck,0.26,0.10927467300832343
fixed::wecheck,0.28,0.13885209713024285
fixed::wecheck,0.30000000000000004,0.1624098867147271
fixed::wecheck,0.32,0.18252895752895754
fixed::wecheck,0.34,0.19654545454545452
fixed::wecheck,0.36000000000000004,0.20566523605150216
fixed::wecheck,0.38,0.2158536585365854
fixed::wecheck,0.4,0.22287480680061825
fixed::wecheck,0.42000000000000004,0.22737306843267105
fixed::wecheck,0.44,0.2287921348314607
fixed::wecheck,0.46,0.22860980523841506
fixed::wecheck,0.48000000000000004,0.2294269156471346
fixed::wecheck,0.5,0.22719406674907291
fixed::wecheck,0.52,0.2272727272727273
fixed::wecheck,0.54,0.23251287922152258
fixed::wecheck,0.56,0.23537527593818983
fixed::wecheck,0.5800000000000001,0.2344698987746404
fixed::wecheck,0.6,0.2364572605561277
fixed::wecheck,0.62,0.23654037886340973
fixed::wecheck,0.64,0.23761467889908258
fixed::wecheck,0.66,0.2416666666666667
fixed::wecheck,0.68,0.24790909090909086
fixed::wecheck,0.7000000000000001,0.2511258278145696
fixed::wecheck,0.7200000000000001,0.25424892703862667
fixed::wecheck,0.74,0.25799582463465554
fixed::wecheck,0.76,0.25957706384709234
fixed::wecheck,0.78,0.26251980982567347
fixed::wecheck,0.8,0.2711857860177675
fixed::wecheck,0.8200000000000001,0.27501883948756595
fixed::wecheck,0.8400000000000001,0.2758646063281825
fixed::wecheck,0.86,0.27768595041322314
fixed::wecheck,0.88,0.28167134831460683
fixed::wecheck,0.9,0.2851304945054945
fixed::wecheck,0.92,0.2891501511588848
fixed::wecheck,0.9400000000000001,0.29142011834319526
fixed::wecheck,0.9600000000000001,0.29729642742195045
fixed::wecheck,0.98,0.301419110690634
fixed::wecheck,1.0,0.30614956736711996
fixed::factcg,0.02,0.012307692307692264
fixed::factcg,0.04,0.006976744186046524
fixed::factcg,0.06,0.005154639175257714
fixed::factcg,0.08,0.0038610038610038533
fixed::factcg,0.1,0.006481481481481488
fixed::factcg,0.12000000000000001,0.017783505154639168
fixed::factcg,0.13999999999999999,0.01832229580573953
fixed::factcg,0.16,0.02220077220077219
fixed::factcg,0.18,0.03711340206185565
fixed::factcg,0.19999999999999998,0.06584234930448223
fixed::factcg,0.22,0.09241573033707864
fixed::factcg,0.24,0.12187902187902191
fixed::factcg,0.26,0.15029726516052322
fixed::factcg,0.28,0.16777041942604853
fixed::factcg,0.30000000000000004,0.18022657054582902
fixed::factcg,0.32,0.19092664092664094
fixed::factcg,0.34,0.19536363636363632
fixed::factcg,0.36000000000000004,0.1959656652360515
fixed::factcg,0.38,0.19715447154471546
fixed::factcg,0.4,0.2016228748068006
fixed::factcg,0.42000000000000004,0.20250183958793233
fixed::factcg,0.44,0.20603932584269663
fixed::factcg,0.46,0.2126930826057757
fixed::factcg,0.48000000000000004,0.2191886670959433
fixed::factcg,0.5,0.22651421508034608
fixed::factcg,0.52,0.23161021984551397
fixed::factcg,0.54,0.22827704636519747
fixed::factcg,0.56,0.22577262693156733
fixed::factcg,0.5800000000000001,0.22418753329781568
fixed::factcg,0.6,0.2211122554067971
fixed::factcg,0.62,0.2186939182452642
fixed::factcg,0.64,0.21685176243360696
fixed::factcg,0.66,0.21591760299625468
fixed::factcg,0.68,0.2160909090909091
fixed::factcg,0.7000000000000001,0.21858719646799116
fixed::factcg,0.7200000000000001,0.22051502145922747
fixed::factcg,0.74,0.22379958246346554
fixed::factcg,0.76,0.22590483936559574
fixed::factcg,0.78,0.23015055467511886
fixed::factcg,0.8,0.2356894553881808
fixed::factcg,0.8200000000000001,0.24035418236623968
fixed::factcg,0.8400000000000001,0.2438557763061074
fixed::factcg,0.86,0.24624505928853752
fixed::factcg,0.88,0.2489115168539326
fixed::factcg,0.9,0.24955357142857143
fixed::factcg,0.92,0.2496808867987907
fixed::factcg,0.9400000000000001,0.25460223537146615
fixed::factcg,0.9600000000000001,0.26105568072095264
fixed::factcg,0.98,0.2663197729422895
fixed::factcg,1.0,0.2711372064276885
fixed::minicheck_dbta,0.02,0.03076923076923077
fixed::minicheck_dbta,0.04,0.015503875968992276
fixed::minicheck_dbta,0.06,0.013402061855670066
fixed::minicheck_dbta,0.08,0.0969111969111969
fixed::minicheck_dbta,0.1,0.14413580246913582
fixed::minicheck_dbta,0.12000000000000001,0.18427835051546393
fixed::minicheck_dbta,0.13999999999999999,0.22141280353200882
fixed::minicheck_dbta,0.16,0.2496138996138996
fixed::minicheck_dbta,0.18,0.25687285223367695
fixed::minicheck_dbta,0.19999999999999998,0.25811437403400317
fixed::minicheck_dbta,0.22,0.2629213483146067
fixed::minicheck_dbta,0.24,0.26563706563706563
fixed::minicheck_dbta,0.26,0.264922711058264
fixed::minicheck_dbta,0.28,0.2644591611479029
fixed::minicheck_dbta,0.30000000000000004,0.27003089598352215
fixed::minicheck_dbta,0.32,0.2753861003861004
fixed::minicheck_dbta,0.34,0.28145454545454546
fixed::minicheck_dbta,0.36000000000000004,0.28763948497854075
fixed::minicheck_dbta,0.38,0.29723577235772364
fixed::minicheck_dbta,0.4,0.29737248840803715
fixed::minicheck_dbta,0.42000000000000004,0.2958793230316409
fixed::minicheck_dbta,0.44,0.3072331460674158
fixed::minicheck_dbta,0.46,0.32599059771658834
fixed::minicheck_dbta,0.48000000000000004,0.34095299420476494
fixed::minicheck_dbta,0.5,0.35364647713226205
fixed::minicheck_dbta,0.52,0.3664289958407606
fixed::minicheck_dbta,0.54,0.3764167143674871
fixed::minicheck_dbta,0.56,0.38791390728476827
fixed::minicheck_dbta,0.5800000000000001,0.3963771976558338
fixed::minicheck_dbta,0.6,0.4013388259526261
fixed::minicheck_dbta,0.62,0.40353938185443666
fixed::minicheck_dbta,0.64,0.4045871559633028
fixed::minicheck_dbta,0.66,0.40795880149812735
fixed::minicheck_dbta,0.68,0.4118181818181818
fixed::minicheck_dbta,0.7000000000000001,0.4146578366445916
fixed::minicheck_dbta,0.7200000000000001,0.4201716738197424
fixed::minicheck_dbta,0.74,0.4257620041753654
fixed::minicheck_dbta,0.76,0.4283041886945912
fixed::minicheck_dbta,0.78,0.4297939778129953
fixed::minicheck_dbta,0.8,0.43167246040942453
fixed::minicheck_dbta,0.8200000000000001,0.43507912584777697
fixed::minicheck_dbta,0.8400000000000001,0.43767476085356877
fixed::minicheck_dbta,0.86,0.43859144807761413
fixed::minicheck_dbta,0.88,0.43728932584269653
fixed::minicheck_dbta,0.9,0.43540521978021973
fixed::minicheck_dbta,0.92,0.4336244541484716
fixed::minicheck_dbta,0.9400000000000001,0.4337278106508876
fixed::minicheck_dbta,0.9600000000000001,0.4361120051496621
fixed::minicheck_dbta,0.98,0.4417849258908862
fixed::minicheck_dbta,1.0,0.44267614338689737
fixed::minicheck_ft5,0.02,0.06307692307692306
fixed::minicheck_ft5,0.04,0.1821705426356589
fixed::minicheck_ft5,0.06,0.19587628865979384
fixed::minicheck_ft5,0.08,0.20772200772200772
fixed::minicheck_ft5,0.1,0.21635802469135804
fixed::minicheck_ft5,0.12000000000000001,0.23711340206185563
fixed::minicheck_ft5,0.13999999999999999,0.27019867549668874
fixed::minicheck_ft5,0.16,0.29652509652509657
fixed::minicheck_ft5,0.18,0.31116838487972515
fixed::minicheck_ft5,0.19999999999999998,0.3200927357032457
fixed::minicheck_ft5,0.22,0.334691011235955
fixed::minicheck_ft5,0.24,0.33693693693693694
fixed::minicheck_ft5,0.26,0.33947681331747914
fixed::minicheck_ft5,0.28,0.3368653421633554
fixed::minicheck_ft5,0.30000000000000004,0.33625128733264675
fixed::minicheck_ft5,0.32,0.33021235521235515
fixed::minicheck_ft5,0.34,0.3243636363636363
fixed::minicheck_ft5,0.36000000000000004,0.3157081545064378
fixed::minicheck_ft5,0.38,0.30959349593495933
fixed::minicheck_ft5,0.4,0.3043276661514683
fixed::minicheck_ft5,0.42000000000000004,0.3030169242089772
fixed::minicheck_ft5,0.44,0.3004915730337079
fixed::minicheck_ft5,0.46,0.3012088650100739
fixed::minicheck_ft5,0.48000000000000004,0.29954925949774636
fixed::minicheck_ft5,0.5,0.2964153275648949
fixed::minicheck_ft5,0.52,0.29304812834224603
fixed::minicheck_ft5,0.54,0.28935317687464224
fixed::minicheck_ft5,0.56,0.2839403973509934
fixed::minicheck_ft5,0.5800000000000001,0.28050079914757586
fixed::minicheck_ft5,0.6,0.27749742533470645
fixed::minicheck_ft5,0.62,0.2795613160518445
fixed::minicheck_ft5,0.64,0.28392081120231777
fixed::minicheck_ft5,0.66,0.2842228464419476
fixed::minicheck_ft5,0.68,0.2828636363636363
fixed::minicheck_ft5,0.7000000000000001,0.28459161147902867
fixed::minicheck_ft5,0.7200000000000001,0.2872532188841201
fixed::minicheck_ft5,0.74,0.28985386221294374
fixed::minicheck_ft5,0.76,0.2938592923952827
fixed::minicheck_ft5,0.78,0.29710776545166395
fixed::minicheck_ft5,0.8,0.2965623792970259
fixed::minicheck_ft5,0.8200000000000001,0.29404672192916353
fixed::minicheck_ft5,0.8400000000000001,0.293046357615894
fixed::minicheck_ft5,0.86,0.29381961911606186
fixed::minicheck_ft5,0.88,0.293995786516854
fixed::minicheck_ft5,0.9,0.2976304945054945
fixed::minicheck_ft5,0.92,0.30003359086328524
fixed::minicheck_ft5,0.9400000000000001,0.29944115713346486
fixed::minicheck_ft5,0.9600000000000001,0.30177019633086577
fixed::minicheck_ft5,0.98,0.3067486597287922
fixed::minicheck_ft5,1.0,0.3115265760197775
fixed::alignscore,0.02,0.0
fixed::alignscore,0.04,0.0007751937984496138
fixed::alignscore,0.06,0.001546391752577314
fixed::alignscore,0.08,0.006949806949806936
fixed::alignscore,0.1,0.005555555555555569
fixed::alignscore,0.12000000000000001,0.007216494845360799
fixed::alignscore,0.13999999999999999,0.006181015452538652
fixed::alignscore,0.16,0.005598455598455588
fixed::alignscore,0.18,0.010137457044673526
fixed::alignscore,0.19999999999999998,0.016383307573415763
fixed::alignscore,0.22,0.03258426966292133
fixed::alignscore,0.24,0.04144144144144145
fixed::alignscore,0.26,0.048513674197384074
fixed::alignscore,0.28,0.05938189845474613
fixed::alignscore,0.30000000000000004,0.07394438722966014
fixed::alignscore,0.32,0.08822393822393822
fixed::alignscore,0.34,0.10645454545454544
fixed::alignscore,0.36000000000000004,0.11648068669527896
fixed::alignscore,0.38,0.11934959349593496
fixed::alignscore,0.4,0.1231839258114374
fixed::alignscore,0.42000000000000004,0.12442972774098604
fixed::alignscore,0.44,0.13061797752808987
fixed::alignscore,0.46,0.13640026863666888
fixed::alignscore,0.48000000000000004,0.14230521571152607
fixed::alignscore,0.5,0.15234857849196537
fixed::alignscore,0.52,0.16024955436720145
fixed::alignscore,0.54,0.16817401259301662
fixed::alignscore,0.56,0.1719094922737307
fixed::alignscore,0.5800000000000001,0.17890250399573787
fixed::alignscore,0.6,0.18439752832131823
fixed::alignscore,0.62,0.18698903290129612
fixed::alignscore,0.64,0.19290197971994208
fixed::alignscore,0.66,0.19658239700374533
fixed::alignscore,0.68,0.20018181818181818
fixed::alignscore,0.7000000000000001,0.20313465783664458
fixed::alignscore,0.7200000000000001,0.2044206008583691
fixed::alignscore,0.74,0.20630480167014617
fixed::alignscore,0.76,0.20821472143147624
fixed::alignscore,0.78,0.21283676703645008
fixed::alignscore,0.8,0.21981460023174973
fixed::alignscore,0.8200000000000001,0.22558402411454406
fixed::alignscore,0.8400000000000001,0.22766740250183962
fixed::alignscore,0.86,0.2296442687747035
fixed::alignscore,0.88,0.23195224719101123
fixed::alignscore,0.9,0.23760302197802194
fixed::alignscore,0.92,0.24386966745045352
fixed::alignscore,0.9400000000000001,0.25003287310979616
fixed::alignscore,0.9600000000000001,0.25577727711618925
fixed::alignscore,0.98,0.2625670135603911
fixed::alignscore,1.0,0.2704882571075401
fixed::lettuce_v2,0.02,0.4999999999999999
fixed::lettuce_v2,0.04,0.5007751937984496
fixed::lettuce_v2,0.06,0.5376288659793814
fixed::lettuce_v2,0.08,0.5918918918918917
fixed::lettuce_v2,0.1,0.6348765432098765
fixed::lettuce_v2,0.12000000000000001,0.665979381443299
fixed::lettuce_v2,0.13999999999999999,0.6951434878587196
fixed::lettuce_v2,0.16,0.7198841698841699
fixed::lettuce_v2,0.18,0.7345360824742269
fixed::lettuce_v2,0.19999999999999998,0.7454404945904172
fixed::lettuce_v2,0.22,0.7474719101123595
fixed::lettuce_v2,0.24,0.744015444015444
fixed::lettuce_v2,0.26,0.7434007134363851
fixed::lettuce_v2,0.28,0.7375275938189845
fixed::lettuce_v2,0.30000000000000004,0.7376930998970134
fixed::lettuce_v2,0.32,0.7372586872586873
fixed::lettuce_v2,0.34,0.7395454545454545
fixed::lettuce_v2,0.36000000000000004,0.7392274678111587
fixed::lettuce_v2,0.38,0.7281300813008129
fixed::lettuce_v2,0.4,0.7132148377125193
fixed::lettuce_v2,0.42000000000000004,0.6958057395143488
fixed::lettuce_v2,0.44,0.676755617977528
fixed::lettuce_v2,0.46,0.6565480188045669
fixed::lettuce_v2,0.48000000000000004,0.6387636831938185
fixed::lettuce_v2,0.5,0.6225587144622992
fixed::lettuce_v2,0.52,0.608972073677956
fixed::lettuce_v2,0.54,0.5935317687464224
fixed::lettuce_v2,0.56,0.5792494481236203
fixed::lettuce_v2,0.5800000000000001,0.5638252530633989
fixed::lettuce_v2,0.6,0.5491761071060763
fixed::lettuce_v2,0.62,0.5381355932203389
fixed::lettuce_v2,0.64,0.526943505552873
fixed::lettuce_v2,0.66,0.5184456928838952
fixed::lettuce_v2,0.68,0.510090909090909
fixed::lettuce_v2,0.7000000000000001,0.5025607064017661
fixed::lettuce_v2,0.7200000000000001,0.4929184549356222
fixed::lettuce_v2,0.74,0.48488517745302717
fixed::lettuce_v2,0.76,0.47881252541683617
fixed::lettuce_v2,0.78,0.4708003169572107
fixed::lettuce_v2,0.8,0.46427191966010045
fixed::lettuce_v2,0.8200000000000001,0.4575357950263753
fixed::lettuce_v2,0.8400000000000001,0.44915378955114055
fixed::lettuce_v2,0.86,0.4407114624505929
fixed::lettuce_v2,0.88,0.43216292134831463
fixed::lettuce_v2,0.9,0.4230769230769231
fixed::lettuce_v2,0.92,0.4140745717164931
fixed::lettuce_v2,0.9400000000000001,0.4087442472057857
fixed::lettuce_v2,0.9600000000000001,0.4072738976504667
fixed::lettuce_v2,0.98,0.4101545253863135
fixed::lettuce_v2,1.0,0.41384425216316434
fixed::granite_guardian_3_1_2b,0.02,0.012307692307692264
fixed::granite_guardian_3_1_2b,0.04,0.007751937984496138
fixed::granite_guardian_3_1_2b,0.06,0.009278350515463885
fixed::granite_guardian_3_1_2b,0.08,0.007335907335907321
fixed::granite_guardian_3_1_2b,0.1,0.006790123456790154
fixed::granite_guardian_3_1_2b,0.12000000000000001,0.006185567010309256
fixed::granite_guardian_3_1_2b,0.13999999999999999,0.016777041942604855
fixed::granite_guardian_3_1_2b,0.16,0.03880308880308879
fixed::granite_guardian_3_1_2b,0.18,0.05824742268041237
fixed::granite_guardian_3_1_2b,0.19999999999999998,0.07913446676970634
fixed::granite_guardian_3_1_2b,0.22,0.09213483146067417
fixed::granite_guardian_3_1_2b,0.24,0.11235521235521237
fixed::granite_guardian_3_1_2b,0.26,0.12306777645659928
fixed::granite_guardian_3_1_2b,0.28,0.13929359823399562
fixed::granite_guardian_3_1_2b,0.30000000000000004,0.15314109165808443
fixed::granite_guardian_3_1_2b,0.32,0.16476833976833977
fixed::granite_guardian_3_1_2b,0.34,0.17263636363636362
fixed::granite_guardian_3_1_2b,0.36000000000000004,0.17802575107296137
fixed::granite_guardian_3_1_2b,0.38,0.1836585365853658
fixed::granite_guardian_3_1_2b,0.4,0.1880216383307573
fixed::granite_guardian_3_1_2b,0.42000000000000004,0.1905813097866078
fixed::granite_guardian_3_1_2b,0.44,0.19199438202247188
fixed::granite_guardian_3_1_2b,0.46,0.1921423774345198
fixed::granite_guardian_3_1_2b,0.48000000000000004,0.19175788795878942
fixed::granite_guardian_3_1_2b,0.5,0.1891841779975278
fixed::granite_guardian_3_1_2b,0.52,0.19156268568033274
fixed::granite_guardian_3_1_2b,0.54,0.19439038351459642
fixed::granite_guardian_3_1_2b,0.56,0.1986754966887417
fixed::granite_guardian_3_1_2b,0.5800000000000001,0.1996270644645711
fixed::granite_guardian_3_1_2b,0.6,0.2030895983522142
fixed::granite_guardian_3_1_2b,0.62,0.2061814556331007
fixed::granite_guardian_3_1_2b,0.64,0.20912602607436023
fixed::granite_guardian_3_1_2b,0.66,0.20959737827715358
fixed::granite_guardian_3_1_2b,0.68,0.2108181818181818
fixed::granite_guardian_3_1_2b,0.7000000000000001,0.21682119205298012
fixed::granite_guardian_3_1_2b,0.7200000000000001,0.22210300429184548
fixed::granite_guardian_3_1_2b,0.74,0.22860125260960334
fixed::granite_guardian_3_1_2b,0.76,0.23456689711264742
fixed::granite_guardian_3_1_2b,0.78,0.23950079239302693
fixed::granite_guardian_3_1_2b,0.8,0.2455774430281962
fixed::granite_guardian_3_1_2b,0.8200000000000001,0.25007535795026375
fixed::granite_guardian_3_1_2b,0.8400000000000001,0.2548565121412803
fixed::granite_guardian_3_1_2b,0.86,0.25594681997844054
fixed::granite_guardian_3_1_2b,0.88,0.25628511235955054
fixed::granite_guardian_3_1_2b,0.9,0.25841346153846156
fixed::granite_guardian_3_1_2b,0.92,0.26022841787033923
fixed::granite_guardian_3_1_2b,0.9400000000000001,0.26660092044707434
fixed::granite_guardian_3_1_2b,0.9600000000000001,0.2731573865465079
fixed::granite_guardian_3_1_2b,0.98,0.27521286660359506
fixed::granite_guardian_3_1_2b,1.0,0.27849196538936966
fixed::granite_guardian_3_2_3b_a800m,0.02,0.0
fixed::granite_guardian_3_2_3b_a800m,0.04,0.0007751937984496138
fixed::granite_guardian_3_2_3b_a800m,0.06,0.0046391752577319536
fixed::granite_guardian_3_2_3b_a800m,0.08,0.06254826254826254
fixed::granite_guardian_3_2_3b_a800m,0.1,0.08611111111111111
fixed::granite_guardian_3_2_3b_a800m,0.12000000000000001,0.10335051546391752
fixed::granite_guardian_3_2_3b_a800m,0.13999999999999999,0.11545253863134661
fixed::granite_guardian_3_2_3b_a800m,0.16,0.12992277992277995
fixed::granite_guardian_3_2_3b_a800m,0.18,0.1357388316151203
fixed::granite_guardian_3_2_3b_a800m,0.19999999999999998,0.13709428129829987
fixed::granite_guardian_3_2_3b_a800m,0.22,0.13651685393258428
fixed::granite_guardian_3_2_3b_a800m,0.24,0.13577863577863578
fixed::granite_guardian_3_2_3b_a800m,0.26,0.14815695600475623
fixed::granite_guardian_3_2_3b_a800m,0.28,0.16214128035320088
fixed::granite_guardian_3_2_3b_a800m,0.30000000000000004,0.1709577754891864
fixed::granite_guardian_3_2_3b_a800m,0.32,0.18108108108108106
fixed::granite_guardian_3_2_3b_a800m,0.34,0.19418181818181815
fixed::granite_guardian_3_2_3b_a800m,0.36000000000000004,0.20789699570815454
fixed::granite_guardian_3_2_3b_a800m,0.38,0.21796747967479674
fixed::granite_guardian_3_2_3b_a800m,0.4,0.2319938176197836
fixed::granite_guardian_3_2_3b_a800m,0.42000000000000004,0.24311994113318622
fixed::granite_guardian_3_2_3b_a800m,0.44,0.24943820224719104
fixed::granite_guardian_3_2_3b_a800m,0.46,0.2567494963062458
fixed::granite_guardian_3_2_3b_a800m,0.48000000000000004,0.26786864133934324
fixed::granite_guardian_3_2_3b_a800m,0.5,0.2818294190358467
fixed::granite_guardian_3_2_3b_a800m,0.52,0.29292929292929293
fixed::granite_guardian_3_2_3b_a800m,0.54,0.30143102461362337
fixed::granite_guardian_3_2_3b_a800m,0.56,0.3060706401766004
fixed::granite_guardian_3_2_3b_a800m,0.5800000000000001,0.30836441129461906
fixed::granite_guardian_3_2_3b_a800m,0.6,0.3090628218331617
fixed::granite_guardian_3_2_3b_a800m,0.62,0.3097208374875374
fixed::granite_guardian_3_2_3b_a800m,0.64,0.30864316755190724
fixed::granite_guardian_3_2_3b_a800m,0.66,0.3098782771535581
fixed::granite_guardian_3_2_3b_a800m,0.68,0.31127272727272726
fixed::granite_guardian_3_2_3b_a800m,0.7000000000000001,0.30896247240618113
fixed::granite_guardian_3_2_3b_a800m,0.7200000000000001,0.3116738197424893
fixed::granite_guardian_3_2_3b_a800m,0.74,0.3141127348643007
fixed::granite_guardian_3_2_3b_a800m,0.76,0.31797478649857663
fixed::granite_guardian_3_2_3b_a800m,0.78,0.320919175911252
fixed::granite_guardian_3_2_3b_a800m,0.8,0.3271919660100425
fixed::granite_guardian_3_2_3b_a800m,0.8200000000000001,0.3338733986435569
fixed::granite_guardian_3_2_3b_a800m,0.8400000000000001,0.33686534216335534
fixed::granite_guardian_3_2_3b_a800m,0.86,0.3371182177506288
fixed::granite_guardian_3_2_3b_a800m,0.88,0.3366924157303371
fixed::granite_guardian_3_2_3b_a800m,0.9,0.3384615384615385
fixed::granite_guardian_3_2_3b_a800m,0.92,0.34588511924756465
fixed::granite_guardian_3_2_3b_a800m,0.9400000000000001,0.3504602235371466
fixed::granite_guardian_3_2_3b_a800m,0.9600000000000001,0.35622787254586413
fixed::granite_guardian_3_2_3b_a800m,0.98,0.36408073163040056
fixed::granite_guardian_3_2_3b_a800m,1.0,0.3672435105067985
fixed::granite_guardian_3_2_8b_factuality,0.02,0.0
fixed::granite_guardian_3_2_8b_factuality,0.04,0.0
fixed::granite_guardian_3_2_8b_factuality,0.06,0.0
fixed::granite_guardian_3_2_8b_factuality,0.08,0.0
fixed::granite_guardian_3_2_8b_factuality,0.1,0.0
fixed::granite_guardian_3_2_8b_factuality,0.12000000000000001,0.0
fixed::granite_guardian_3_2_8b_factuality,0.13999999999999999,0.0
fixed::granite_guardian_3_2_8b_factuality,0.16,0.0007722007722007707
fixed::granite_guardian_3_2_8b_factuality,0.18,0.0017182130584192379
fixed::granite_guardian_3_2_8b_factuality,0.19999999999999998,0.011128284389489962
fixed::granite_guardian_3_2_8b_factuality,0.22,0.02724719101123595
fixed::granite_guardian_3_2_8b_factuality,0.24,0.05611325611325613
fixed::granite_guardian_3_2_8b_factuality,0.26,0.08846611177170036
fixed::granite_guardian_3_2_8b_factuality,0.28,0.12704194260485652
fixed::granite_guardian_3_2_8b_factuality,0.30000000000000004,0.16508753861997943
fixed::granite_guardian_3_2_8b_factuality,0.32,0.19507722007722011
fixed::granite_guardian_3_2_8b_factuality,0.34,0.2217272727272727
fixed::granite_guardian_3_2_8b_factuality,0.36000000000000004,0.24703862660944206
fixed::granite_guardian_3_2_8b_factuality,0.38,0.26926829268292685
fixed::granite_guardian_3_2_8b_factuality,0.4,0.28616692426584234
fixed::granite_guardian_3_2_8b_factuality,0.42000000000000004,0.3004415011037528
fixed::granite_guardian_3_2_8b_factuality,0.44,0.3128511235955056
fixed::granite_guardian_3_2_8b_factuality,0.46,0.3249832102081934
fixed::granite_guardian_3_2_8b_factuality,0.48000000000000004,0.3362524146812621
fixed::granite_guardian_3_2_8b_factuality,0.5,0.34678615574783683
fixed::granite_guardian_3_2_8b_factuality,0.52,0.3543077837195484
fixed::granite_guardian_3_2_8b_factuality,0.54,0.3639954207212364
fixed::granite_guardian_3_2_8b_factuality,0.56,0.3746688741721854
fixed::granite_guardian_3_2_8b_factuality,0.5800000000000001,0.38268513585508784
fixed::granite_guardian_3_2_8b_factuality,0.6,0.39170957775489185
fixed::granite_guardian_3_2_8b_factuality,0.62,0.3972582253240279
fixed::granite_guardian_3_2_8b_factuality,0.64,0.4051665861902463
fixed::granite_guardian_3_2_8b_factuality,0.66,0.4102528089887641
fixed::granite_guardian_3_2_8b_factuality,0.68,0.41772727272727267
fixed::granite_guardian_3_2_8b_factuality,0.7000000000000001,0.42428256070640175
fixed::granite_guardian_3_2_8b_factuality,0.7200000000000001,0.42802575107296137
fixed::granite_guardian_3_2_8b_factuality,0.74,0.433277661795407
fixed::granite_guardian_3_2_8b_factuality,0.76,0.4365595770638471
fixed::granite_guardian_3_2_8b_factuality,0.78,0.43954041204437394
fixed::granite_guardian_3_2_8b_factuality,0.8,0.44318269602162996
fixed::granite_guardian_3_2_8b_factuality,0.8200000000000001,0.4461944235116805
fixed::granite_guardian_3_2_8b_factuality,0.8400000000000001,0.4489330389992642
fixed::granite_guardian_3_2_8b_factuality,0.86,0.4503413582464965
fixed::granite_guardian_3_2_8b_factuality,0.88,0.45298455056179765
fixed::granite_guardian_3_2_8b_factuality,0.9,0.4554258241758241
fixed::granite_guardian_3_2_8b_factuality,0.92,0.45811219348337245
fixed::granite_guardian_3_2_8b_factuality,0.9400000000000001,0.4598290598290598
fixed::granite_guardian_3_2_8b_factuality,0.9600000000000001,0.460057933698101
fixed::granite_guardian_3_2_8b_factuality,0.98,0.4605487228003784
fixed::granite_guardian_3_2_8b_factuality,1.0,0.4600741656365884
fixed::granite_guardian_4_1_3b_factuality_lora,0.02,0.001538461538461533
fixed::granite_guardian_4_1_3b_factuality_lora,0.04,0.0007751937984496138
fixed::granite_guardian_4_1_3b_factuality_lora,0.06,0.0788659793814433
fixed::granite_guardian_4_1_3b_factuality_lora,0.08,0.22741312741312739
fixed::granite_guardian_4_1_3b_factuality_lora,0.1,0.2867283950617284
fixed::granite_guardian_4_1_3b_factuality_lora,0.12000000000000001,0.2858247422680412
fixed::granite_guardian_4_1_3b_factuality_lora,0.13999999999999999,0.27130242825607065
fixed::granite_guardian_4_1_3b_factuality_lora,0.16,0.28976833976833977
fixed::granite_guardian_4_1_3b_factuality_lora,0.18,0.3298969072164949
fixed::granite_guardian_4_1_3b_factuality_lora,0.19999999999999998,0.3675425038639876
fixed::granite_guardian_4_1_3b_factuality_lora,0.22,0.3977528089887641
fixed::granite_guardian_4_1_3b_factuality_lora,0.24,0.40167310167310166
fixed::granite_guardian_4_1_3b_factuality_lora,0.26,0.41914387633769323
fixed::granite_guardian_4_1_3b_factuality_lora,0.28,0.4364238410596026
fixed::granite_guardian_4_1_3b_factuality_lora,0.30000000000000004,0.44675592173017514
fixed::granite_guardian_4_1_3b_factuality_lora,0.32,0.4563706563706564
fixed::granite_guardian_4_1_3b_factuality_lora,0.34,0.4573636363636363
fixed::granite_guardian_4_1_3b_factuality_lora,0.36000000000000004,0.4554506437768239
fixed::granite_guardian_4_1_3b_factuality_lora,0.38,0.46016260162601635
fixed::granite_guardian_4_1_3b_factuality_lora,0.4,0.4713292117465224
fixed::granite_guardian_4_1_3b_factuality_lora,0.42000000000000004,0.47902869757174393
fixed::granite_guardian_4_1_3b_factuality_lora,0.44,0.4820224719101124
fixed::granite_guardian_4_1_3b_factuality_lora,0.46,0.48629952988582953
fixed::granite_guardian_4_1_3b_factuality_lora,0.48000000000000004,0.4910495814552478
fixed::granite_guardian_4_1_3b_factuality_lora,0.5,0.4935723114956736
fixed::granite_guardian_4_1_3b_factuality_lora,0.52,0.49887106357694594
fixed::granite_guardian_4_1_3b_factuality_lora,0.54,0.5043503148254149
fixed::granite_guardian_4_1_3b_factuality_lora,0.56,0.507008830022075
fixed::granite_guardian_4_1_3b_factuality_lora,0.5800000000000001,0.5075652637187
fixed::granite_guardian_4_1_3b_factuality_lora,0.6,0.506951596292482
fixed::granite_guardian_4_1_3b_factuality_lora,0.62,0.5094217347956131
fixed::granite_guardian_4_1_3b_factuality_lora,0.64,0.5128440366972477
fixed::granite_guardian_4_1_3b_factuality_lora,0.66,0.5187265917602997
fixed::granite_guardian_4_1_3b_factuality_lora,0.68,0.5256818181818181
fixed::granite_guardian_4_1_3b_factuality_lora,0.7000000000000001,0.5322737306843267
fixed::granite_guardian_4_1_3b_factuality_lora,0.7200000000000001,0.5369957081545065
fixed::granite_guardian_4_1_3b_factuality_lora,0.74,0.5430897703549061
fixed::granite_guardian_4_1_3b_factuality_lora,0.76,0.5472549816998781
fixed::granite_guardian_4_1_3b_factuality_lora,0.78,0.5510697305863709
fixed::granite_guardian_4_1_3b_factuality_lora,0.8,0.5537659327925839
fixed::granite_guardian_4_1_3b_factuality_lora,0.8200000000000001,0.5581386586284853
fixed::granite_guardian_4_1_3b_factuality_lora,0.8400000000000001,0.5582413539367181
fixed::granite_guardian_4_1_3b_factuality_lora,0.86,0.557204455623428
fixed::granite_guardian_4_1_3b_factuality_lora,0.88,0.555688202247191
fixed::granite_guardian_4_1_3b_factuality_lora,0.9,0.5549793956043956
fixed::granite_guardian_4_1_3b_factuality_lora,0.92,0.5535774269398724
fixed::granite_guardian_4_1_3b_factuality_lora,0.9400000000000001,0.5505917159763314
fixed::granite_guardian_4_1_3b_factuality_lora,0.9600000000000001,0.5472803347280336
fixed::granite_guardian_4_1_3b_factuality_lora,0.98,0.5414380321665091
fixed::granite_guardian_4_1_3b_factuality_lora,1.0,0.5362175525339927
fixed::qwen30_fast,0.02,0.001538461538461533
fixed::qwen30_fast,0.04,0.0007751937984496138
fixed::qwen30_fast,0.06,0.0005154639175257714
fixed::qwen30_fast,0.08,0.00038610038610038534
fixed::qwen30_fast,0.1,0.0003086419753086433
fixed::qwen30_fast,0.12000000000000001,0.0002577319587628857
fixed::qwen30_fast,0.13999999999999999,0.00022075055187638083
fixed::qwen30_fast,0.16,0.001737451737451734
fixed::qwen30_fast,0.18,0.00498281786941579
fixed::qwen30_fast,0.19999999999999998,0.005718701700154561
fixed::qwen30_fast,0.22,0.008988764044943831
fixed::qwen30_fast,0.24,0.025353925353925333
fixed::qwen30_fast,0.26,0.04494649227110585
fixed::qwen30_fast,0.28,0.06258278145695363
fixed::qwen30_fast,0.30000000000000004,0.09062821833161691
fixed::qwen30_fast,0.32,0.12297297297297298
fixed::qwen30_fast,0.34,0.143
fixed::qwen30_fast,0.36000000000000004,0.16163090128755364
fixed::qwen30_fast,0.38,0.16853658536585364
fixed::qwen30_fast,0.4,0.17063369397217928
fixed::qwen30_fast,0.42000000000000004,0.17034584253127302
fixed::qwen30_fast,0.44,0.17141853932584272
fixed::qwen30_fast,0.46,0.1717259905977166
fixed::qwen30_fast,0.48000000000000004,0.17160334835801674
fixed::qwen30_fast,0.5,0.17045735475896165
fixed::qwen30_fast,0.52,0.17046939988116458
fixed::qwen30_fast,0.54,0.16880366342301087
fixed::qwen30_fast,0.56,0.16793598233995582
fixed::qwen30_fast,0.5800000000000001,0.16648907831646245
fixed::qwen30_fast,0.6,0.16488156539649845
fixed::qwen30_fast,0.62,0.16515453639082756
fixed::qwen30_fast,0.64,0.16359246740704975
fixed::qwen30_fast,0.66,0.16207865168539323
fixed::qwen30_fast,0.68,0.16204545454545452
fixed::qwen30_fast,0.7000000000000001,0.16088300220750554
fixed::qwen30_fast,0.7200000000000001,0.16030042918454934
fixed::qwen30_fast,0.74,0.16075156576200422
fixed::qwen30_fast,0.76,0.16250508336722244
fixed::qwen30_fast,0.78,0.1672345483359746
fixed::qwen30_fast,0.8,0.17485515643105448
fixed::qwen30_fast,0.8200000000000001,0.18311981914091935
fixed::qwen30_fast,0.8400000000000001,0.18866813833701251
fixed::qwen30_fast,0.86,0.19554437657204454
fixed::qwen30_fast,0.88,0.20161516853932585
fixed::qwen30_fast,0.9,0.21006181318681322
fixed::qwen30_fast,0.92,0.216224386966745
fixed::qwen30_fast,0.9400000000000001,0.22123602892833666
fixed::qwen30_fast,0.9600000000000001,0.2273253942710009
fixed::qwen30_fast,0.98,0.2309366130558183
fixed::qwen30_fast,1.0,0.23318912237330033
fixed::qwen30_judge,0.02,0.003076923076923066
fixed::qwen30_judge,0.04,0.0015503875968992276
fixed::qwen30_judge,0.06,0.0010309278350515427
fixed::qwen30_judge,0.08,0.007722007722007707
fixed::qwen30_judge,0.1,0.006790123456790154
fixed::qwen30_judge,0.12000000000000001,0.0077319587628865705
fixed::qwen30_judge,0.13999999999999999,0.0070640176600441865
fixed::qwen30_judge,0.16,0.0061776061776061654
fixed::qwen30_judge,0.18,0.0068728522336769515
fixed::qwen30_judge,0.19999999999999998,0.007418856259659923
fixed::qwen30_judge,0.22,0.007303370786516883
fixed::qwen30_judge,0.24,0.020077220077220036
fixed::qwen30_judge,0.26,0.039952437574316324
fixed::qwen30_judge,0.28,0.05860927152317876
fixed::qwen30_judge,0.30000000000000004,0.06776519052523171
fixed::qwen30_judge,0.32,0.08571428571428569
fixed::qwen30_judge,0.34,0.09999999999999999
fixed::qwen30_judge,0.36000000000000004,0.10206008583690987
fixed::qwen30_judge,0.38,0.10918699186991872
fixed::qwen30_judge,0.4,0.11584234930448223
fixed::qwen30_judge,0.42000000000000004,0.13708609271523176
fixed::qwen30_judge,0.44,0.157935393258427
fixed::qwen30_judge,0.46,0.1801880456682337
fixed::qwen30_judge,0.48000000000000004,0.19581455247907278
fixed::qwen30_judge,0.5,0.2082818294190359
fixed::qwen30_judge,0.52,0.22026143790849675
fixed::qwen30_judge,0.54,0.23142530051516888
fixed::qwen30_judge,0.56,0.23454746136865343
fixed::qwen30_judge,0.5800000000000001,0.23148641449120935
fixed::qwen30_judge,0.6,0.22873326467559219
fixed::qwen30_judge,0.62,0.22731804586241275
fixed::qwen30_judge,0.64,0.22448092708836312
fixed::qwen30_judge,0.66,0.2213951310861423
fixed::qwen30_judge,0.68,0.21963636363636369
fixed::qwen30_judge,0.7000000000000001,0.21611479028697572
fixed::qwen30_judge,0.7200000000000001,0.21446351931330473
fixed::qwen30_judge,0.74,0.21181628392484347
fixed::qwen30_judge,0.76,0.21004473363155757
fixed::qwen30_judge,0.78,0.20784469096671945
fixed::qwen30_judge,0.8,0.20355349555813057
fixed::qwen30_judge,0.8200000000000001,0.20361718161266013
fixed::qwen30_judge,0.8400000000000001,0.20099337748344367
fixed::qwen30_judge,0.86,0.19845490477901545
fixed::qwen30_judge,0.88,0.1966643258426966
fixed::qwen30_judge,0.9,0.20813873626373627
fixed::qwen30_judge,0.92,0.22442055760833052
fixed::qwen30_judge,0.9400000000000001,0.2366863905325443
fixed::qwen30_judge,0.9600000000000001,0.24554232378500154
fixed::qwen30_judge,0.98,0.2474929044465468
fixed::qwen30_judge,1.0,0.24966007416563657
