pool,k,n_dominating,val_auroc,sd,val_ms,min_share,beta_mode,share__alignscore,share__factcc,share__factcg,share__factkb,share__granite_guardian_3_1_2b,share__granite_guardian_3_2_3b_a800m,share__granite_guardian_3_2_8b_factuality,share__granite_guardian_4_1_3b_factuality_lora,share__hhem,share__lettuce_v2,share__minicheck_dbta,share__minicheck_ft5,share__qwen30_fast,share__qwen30_judge,share__wecheck,rank_by_auroc,eligible,rank_among_eligible
alignscore+granite_guardian_4_1_3b_factuality_lora+lettuce_v2,3,0,0.777532852831355,0.011790857276653358,540.6398773094573,0.028209558425840192,0.0,0.7467790914839815,,,,,,,0.028209558425840192,,0.22501135009017842,,,,,,1,False,
alignscore+granite_guardian_3_2_3b_a800m+lettuce_v2,3,0,0.7759714725569754,0.01067104086669173,508.7788978227644,0.026470966382226235,0.0,0.7358474766710464,,,,,0.026470966382226235,,,,0.2376815569467273,,,,,,2,False,
alignscore+factkb+lettuce_v2,3,0,0.7746216225661463,0.00899692234635743,563.1119292529919,0.012854490981595124,0.0,0.7632594333225942,,,0.012854490981595124,,,,,,0.22388607569581062,,,,,,3,False,
alignscore+granite_guardian_3_1_2b+lettuce_v2,3,0,0.7742167576307657,0.010591345496534642,581.5178246029549,0.017780625216329813,0.0,0.753407549842602,,,,0.017780625216329813,,,,,0.22881182494106816,,,,,,4,False,
alignscore+hhem+lettuce_v2,3,0,0.7741629782762187,0.011633172578457125,601.1992841134286,0.002267017810861309,0.0,0.7736714675122749,,,,,,,,0.002267017810861309,0.2240615146768638,,,,,,5,False,
alignscore+factcc+lettuce_v2,3,0,0.7741474125488678,0.009567946011370862,579.6972277161374,0.00680604823873536,0.0,0.7679935631292316,0.00680604823873536,,,,,,,,0.22520038863203307,,,,,,6,False,
alignscore+lettuce_v2+minicheck_ft5,3,0,0.7729032117413739,0.011025339749847289,607.2767509045618,0.00019011406844106463,0.0,0.7734691831324666,,,,,,,,,0.2263407027990923,,0.00019011406844106463,,,,7,False,
alignscore+factcg+wecheck,3,0,0.7726389946016698,0.01469209545912629,390.76064487003947,0.08134728587462806,0.1,0.08134728587462806,,0.5395110889462584,,,,,,,,,,,,0.37914162517911343,8,True,1.0
alignscore+factcg+granite_guardian_3_1_2b,3,0,0.7725985182109013,0.015017568008033643,379.7113879684595,0.12765982298278644,0.1,0.12765982298278644,,0.6748165925188851,,0.19752358449832838,,,,,,,,,,,9,True,2.0
factcg+granite_guardian_3_2_3b_a800m+wecheck,3,0,0.7719958818623983,0.013404763739394013,354.57363685007783,0.04026900675910833,0.0,,,0.6412403484904903,,,0.04026900675910833,,,,,,,,,0.3184906447504014,10,False,
factcg+granite_guardian_4_1_3b_factuality_lora+wecheck,3,0,0.7714286155720009,0.014246577224338242,378.0439206308946,0.01099245116154661,0.1,,,0.6175784085825975,,,,,0.01099245116154661,,,,,,,0.37142914025585594,11,False,
alignscore+factcg+qwen30_judge,3,0,0.7711307005095138,0.012957726847139977,442.9049328707655,0.07031548029312784,0.1,0.11565736774299029,,0.814027151963882,,,,,,,,,,,0.07031548029312784,,12,True,3.0
alignscore+lettuce_v2+minicheck_dbta,3,0,0.7710816625089504,0.010966855512798851,610.1213459084548,0.0011320795018850192,0.0,0.7783966912623985,,,,,,,,,0.22047122923571655,0.0011320795018850192,,,,,13,False,
alignscore+factcg+factkb,3,0,0.7709714250594202,0.016256894925556636,370.3454116149873,0.12602172259606942,0.1,0.18611228975169175,,0.6878659876522388,0.12602172259606942,,,,,,,,,,,,14,True,4.0
factcg+minicheck_dbta+wecheck,3,0,0.7708762709482644,0.014948453103738475,389.8965130046594,0.0,0.1,,,0.6193079416321383,,,,,,,,0.0,,,,0.38069205836786174,15,False,
factcg+minicheck_ft5+wecheck,3,0,0.7703505340511116,0.016402388965487343,395.08368285293676,0.0003780718336483932,0.0,,,0.6977257992018158,,,,,,,,,0.0003780718336483932,,,0.3018961289645358,16,False,
factcc+factcg+wecheck,3,0,0.7702390022813318,0.014753558863805348,396.63474933016806,0.03672387584149463,0.0,,0.03672387584149463,0.7562724441520805,,,,,,,,,,,,0.20700368000642486,17,False,
alignscore+lettuce_v2+qwen30_fast,3,0,0.77012074588575,0.0086456409318942,450.8452997434395,0.22799345925842213,0.0,0.4558537209087099,,,,,,,,,0.22799345925842213,,,0.3161528198328679,,,18,True,5.0
alignscore+factcg+granite_guardian_4_1_3b_factuality_lora,3,0,0.7699310231984089,0.020381775524758273,405.66041365744576,0.01193050140708258,0.1,0.1271826326271554,,0.860886865965762,,,,,0.01193050140708258,,,,,,,,19,False,
factcg+granite_guardian_3_1_2b+wecheck,3,0,0.7698153373285805,0.012987313297593426,384.9211648023671,0.15040821553944922,0.0,,,0.6765247278192532,,0.17306705664129746,,,,,,,,,,0.15040821553944922,20,True,6.0
alignscore+lettuce_v2+qwen30_judge,3,0,0.7698046430941711,0.011711296580156762,582.3505657144257,0.17108170379980014,0.0,0.42558671650738755,,,,,,,,,0.17108170379980014,,,,0.40333157969281236,,21,True,7.0
factcg+granite_guardian_3_2_8b_factuality+wecheck,3,0,0.769502899060166,0.014758386142608488,449.16738613876413,0.05005712839683737,0.0,,,0.6999473996765955,,,,0.05005712839683737,,,,,,,,0.2499954719265672,22,True,8.0
alignscore+factcg+granite_guardian_3_2_8b_factuality,3,0,0.7690083171539916,0.01817876148232064,425.60230817224993,0.0,0.2,0.11725098879635869,,0.8827490112036414,,,,0.0,,,,,,,,,23,False,
alignscore+granite_guardian_3_2_8b_factuality+minicheck_dbta,3,0,0.7682713136389192,0.007854450963325274,719.0107407719964,0.005670060265629756,0.1,0.8595576691276607,,,,,,0.005670060265629756,,,,0.13477227060670954,,,,,24,False,
alignscore+factcg+granite_guardian_3_2_3b_a800m,3,0,0.7682660067805205,0.01955519956011595,356.8482546561062,0.0833487050991688,0.1,0.11202983435449447,,0.8046214605463368,,,0.0833487050991688,,,,,,,,,,25,True,9.0
factcg+granite_guardian_3_1_2b+qwen30_judge,3,0,0.7680595219198253,0.015313748658355483,391.6819854934818,0.10598419516209268,0.1,,,0.5581928720124119,,0.3358229328254955,,,,,,,,,0.10598419516209268,,26,True,10.0
factcg+hhem+wecheck,3,0,0.7677307709802459,0.015650699451206403,405.0106240799032,0.011487758945386065,0.0,,,0.7539840069047234,,,,,,0.011487758945386065,,,,,,0.2345282341498905,27,False,
alignscore+factcg+minicheck_ft5,3,0,0.7675856141223757,0.01939356163651067,421.97193538332806,0.003218285252751972,0.1,0.11938122390104629,,0.8774004908462019,,,,,,,,,0.003218285252751972,,,,28,False,
factcg+granite_guardian_3_2_8b_factuality+qwen30_judge,3,0,0.7668029409586389,0.01703165383147546,505.74601705251206,0.05068861875404197,0.0,,,0.8012192504573754,,,,0.05068861875404197,,,,,,,0.14809213078858258,,29,True,11.0
factcg+granite_guardian_3_1_2b+granite_guardian_4_1_3b_factuality_lora,3,0,0.7665989343275245,0.015732509372473037,373.8640463574013,0.016674315586613385,0.0,,,0.7747109311959344,,0.2086147532174522,,,0.016674315586613385,,,,,,,,30,False,
factcg+qwen30_fast+wecheck,3,0,0.7664966013818288,0.014526020475664677,370.9960088655727,0.18626229762306248,0.0,,,0.5434435868043462,,,,,,,,,,0.18626229762306248,,0.27029411557259125,31,True,12.0
alignscore+factcg+hhem,3,0,0.7664597431933827,0.018161786355574066,425.5397518238466,0.039209455590171124,0.1,0.13650279729062093,,0.8242877471192079,,,,,,0.039209455590171124,,,,,,,32,False,
factcg+granite_guardian_3_2_3b_a800m+qwen30_judge,3,0,0.7664376107021686,0.021084657002848676,421.1657742452937,0.04674362867931675,0.1,,,0.8073892659382527,,,0.04674362867931675,,,,,,,,0.14586710538243058,,33,False,
alignscore+factkb+minicheck_dbta,3,0,0.7660741824722608,0.0055404343954177605,699.2973341882638,0.011340067647941392,0.0,0.946689639012334,,,0.011340067647941392,,,,,,,0.04197029333972456,,,,,34,False,
alignscore+factcc+minicheck_dbta,3,0,0.7659831635354872,0.005541579912235184,715.2623189733299,0.005863010057846732,0.0,0.9536901262009488,0.005863010057846732,,,,,,,,,0.040446863741204354,,,,,35,False,
alignscore+lettuce_v2+wecheck,3,0,0.765903346664242,0.01197029532720584,548.6403332814655,0.13931916622672755,0.0,0.6649889726496049,,,,,,,,,0.1956918611236675,,,,,0.13931916622672755,36,True,13.0
factcg+granite_guardian_3_1_2b+minicheck_dbta,3,0,0.7657353848955208,0.013561272922432413,394.78080985978494,0.009457904003153085,0.0,,,0.7755236365886921,,0.21501845940815478,,,,,,0.009457904003153085,,,,,37,False,
factcg+granite_guardian_3_1_2b+minicheck_ft5,3,0,0.7657246586009194,0.013885171481626688,374.8076950659057,0.002650089854833329,0.0,,,0.6856679929624854,,0.3116819171826814,,,,,,,0.002650089854833329,,,,38,False,
factcg+qwen30_judge+wecheck,3,0,0.7654026501315194,0.01580228227862027,433.52689703079477,0.20211882433765044,0.0,,,0.5119458347593737,,,,,,,,,,,0.20211882433765044,0.28593534090297584,39,True,14.0
factcg+minicheck_dbta+qwen30_judge,3,0,0.7653763818347618,0.017911750467922174,467.0070273696398,0.0035916878238319307,0.0,,,0.864812886154201,,,,,,,,0.0035916878238319307,,,0.1315954260219669,,40,False,
alignscore+factcc+factcg,3,0,0.7653579383338199,0.016518705944265237,418.94014145152835,0.032420302125497145,0.1,0.1484293117889304,0.032420302125497145,0.8191503860855726,,,,,,,,,,,,,41,False,
factcg+granite_guardian_3_1_2b+granite_guardian_3_2_8b_factuality,3,0,0.7653548557909321,0.01873999993369112,369.9918993608135,0.0,0.1,,,0.6521123858867781,,0.34788761411322194,,0.0,,,,,,,,,42,False,
factcg+factkb+wecheck,3,0,0.7653031655648147,0.018778021679049135,412.9143890403723,0.002846660558004632,0.0,,,0.820917613526418,0.002846660558004632,,,,,,,,,,,0.1762357259155774,43,False,
alignscore+granite_guardian_3_2_3b_a800m+minicheck_dbta,3,0,0.7651963702955465,0.005948231083275873,631.411916071844,0.03421328289850796,0.0,0.9251221738642021,,,,,0.040664543237289796,,,,,0.03421328289850796,,,,,44,False,
factcg+granite_guardian_3_2_8b_factuality+hhem,3,0,0.7650666719327649,0.018961382894232236,490.17059801361074,0.03671992444383497,0.1,,,0.8800058485351341,,,,0.08327422702103086,,0.03671992444383497,,,,,,,45,False,
alignscore+factcg+minicheck_dbta,3,0,0.7648417408759762,0.018026289561057108,421.132775431715,0.0070051063470069645,0.2,0.10595567593529945,,0.8870392177176936,,,,,,,,0.0070051063470069645,,,,,46,False,
alignscore+factkb+granite_guardian_3_2_3b_a800m,3,0,0.764622162159079,0.00746279048965207,625.1612003984349,0.013422687692028975,0.0,0.9580355069577788,,,0.013422687692028975,,0.028541805350192163,,,,,,,,,,47,False,
factcg+granite_guardian_3_1_2b+hhem,3,0,0.7645025495721918,0.017649285635061344,386.3684819269864,0.030211795365333426,0.0,,,0.7487451808377605,,0.2210430237969061,,,,0.030211795365333426,,,,,,,48,False,
alignscore+factcg+qwen30_fast,3,0,0.764487186296416,0.01344727883840127,408.7579261005253,0.19275683265794982,0.0,0.19275683265794982,,0.5291569505702679,,,,,,,,,,0.27808621677178225,,,49,True,15.0
factcg+granite_guardian_3_1_2b+granite_guardian_3_2_3b_a800m,3,0,0.7644554750151509,0.017643742479012438,364.1399898796996,0.028920307027433218,0.0,,,0.7449483553853126,,0.22613133758725415,0.028920307027433218,,,,,,,,,,50,False,
alignscore+hhem+minicheck_dbta,3,0,0.764445959157867,0.005854106650087849,729.301556962605,0.002269159214093665,0.0,0.9601134428392968,,,,,,,,0.002269159214093665,,0.03761739794660971,,,,,51,False,
alignscore+factcg+lettuce_v2,3,0,0.7642890102398541,0.01840791485632107,439.13230909284937,0.09942836802631047,0.0,0.28471439254151276,,0.6158572394321767,,,,,,,0.09942836802631047,,,,,,52,True,16.0
factcg+qwen30_fast+qwen30_judge,3,0,0.7641813473912882,0.011192545042978029,501.6611783220748,0.1791368959107129,0.0,,,0.535667899416881,,,,,,,,,,0.1791368959107129,0.28519520467240606,,53,True,17.0
factcc+factcg+granite_guardian_4_1_3b_factuality_lora,3,0,0.7638764694749376,0.012236225258455623,362.67335031184103,0.014408389360743743,0.0,,0.1126572793433446,0.8729343312959117,,,,,0.014408389360743743,,,,,,,,54,False,
alignscore+factcc+granite_guardian_4_1_3b_factuality_lora,3,0,0.7638723015165896,0.007029378823977855,652.7247943544619,0.0015115753349068527,0.0,0.9496763967896534,0.0015115753349068527,,,,,,0.048812027875439666,,,,,,,,55,False,
factcg+granite_guardian_3_2_3b_a800m+granite_guardian_3_2_8b_factuality,3,0,0.7636785027908124,0.017338873368783984,374.0896211275592,0.03361777720817803,0.2,,,0.8855126579643324,,,0.08086956482748953,0.03361777720817803,,,,,,,,,56,False,
alignscore+factcc+factkb,3,0,0.763633096408135,0.007957144711697426,694.9169364072665,0.0020801232972694683,0.0,0.9831771625519536,0.0020801232972694683,,0.014742714150776931,,,,,,,,,,,,57,False,
alignscore+granite_guardian_4_1_3b_factuality_lora+minicheck_dbta,3,0,0.7636109700336443,0.004799139765379332,662.3925384862293,0.035916765078189875,0.0,0.9230131153357484,,,,,,,0.04107011958606183,,,0.035916765078189875,,,,,58,False,
alignscore+factcc+hhem,3,0,0.7635932915080377,0.00763422777919518,706.3923848717208,0.0013225448222548512,0.0,0.9882797137110056,0.010397741466739486,,,,,,,0.0013225448222548512,,,,,,,59,False,
alignscore+factcc+granite_guardian_3_2_3b_a800m,3,0,0.7634365875489235,0.006589342800678129,630.7459022103932,0.010398448062254009,0.0,0.9565221224799101,0.010398448062254009,,,,0.03307942945783594,,,,,,,,,,60,False,
factcg+granite_guardian_4_1_3b_factuality_lora+qwen30_judge,3,0,0.7633642700522412,0.02068667992980601,460.15971786850116,0.008717924272683966,0.0,,,0.839387057859556,,,,,0.008717924272683966,,,,,,0.15189501786775994,,61,False,
alignscore+factcc+wecheck,3,0,0.7633538858701582,0.007081566089731431,648.3189732622925,0.002645801644196423,0.0,0.8037712459296591,0.002645801644196423,,,,,,,,,,,,,0.19358295242614448,62,False,
factcg+minicheck_ft5+qwen30_judge,3,0,0.7632174584255325,0.02356548349351188,463.04948036749954,0.006634573391362667,0.0,,,0.8388508682271091,,,,,,,,,0.006634573391362667,,0.15451455838152817,,63,False,
alignscore+granite_guardian_3_2_3b_a800m+granite_guardian_4_1_3b_factuality_lora,3,0,0.7632075891197474,0.007005968016039193,626.4743004949436,0.016072481803282065,0.0,0.9356463558603686,,,,,0.016072481803282065,,0.04828116233634931,,,,,,,,64,False,
factcg+granite_guardian_3_2_8b_factuality+granite_guardian_4_1_3b_factuality_lora,3,0,0.7631723316058189,0.019716092749878015,440.0178021020458,0.017045591654462365,0.1,,,0.9334087265158224,,,,0.049545681829715076,0.017045591654462365,,,,,,,,65,False,
factcg+factkb+granite_guardian_3_2_8b_factuality,3,0,0.7630159788381448,0.016409504440962865,460.09362289917334,0.06799705066192845,0.1,,,0.8496739235178504,0.06799705066192845,,,0.0823290258202211,,,,,,,,,66,True,18.0
factcc+factcg+hhem,3,0,0.7629799920874613,0.01511754411499696,396.4112783124352,0.0434295009913363,0.0,,0.05668763505744058,0.8998828639512231,,,,,,0.0434295009913363,,,,,,,67,False,
factcg+lettuce_v2+wecheck,3,0,0.7629716366958801,0.01979313325137875,389.8659528182785,0.11570139956644569,0.0,,,0.7313627953685146,,,,,,,0.11570139956644569,,,,,0.15293580506503973,68,True,19.0
alignscore+factcc+minicheck_ft5,3,0,0.7629617985292914,0.007463840451707183,711.7277972335372,0.008881883325367922,0.0,0.9816669056038954,0.008881883325367922,,,,,,,,,,0.00945121107073676,,,,69,False,
factcc+lettuce_v2+qwen30_judge,3,0,0.7628369651469287,0.006014568809852342,251.9531663610932,0.14336125536211228,0.1,,0.14336125536211228,,,,,,,,0.5923717784437544,,,,0.2642669661941332,,70,True,20.0
alignscore+factkb+granite_guardian_4_1_3b_factuality_lora,3,0,0.7627274337146578,0.005836624329574439,642.6614734336723,0.007746216804188325,0.0,0.9419101208566802,,,0.007746216804188325,,,,0.05034366233913136,,,,,,,,71,False,
factcc+factcg+granite_guardian_3_2_3b_a800m,3,0,0.7626886951221415,0.017806826661375556,368.7521764682022,0.044987888828744334,0.0,,0.07119463882645018,0.8838174723448056,,,0.044987888828744334,,,,,,,,,,72,False,
alignscore+granite_guardian_3_2_3b_a800m+hhem,3,0,0.7626067466636427,0.0072329609126355054,644.1001970266223,0.004724490133748061,0.0,0.957266770006321,,,,,0.03800873985993091,,,0.004724490133748061,,,,,,,73,False,
factcc+factcg+granite_guardian_3_1_2b,3,0,0.7625834411848949,0.017924307073082377,386.8511712135049,0.020535856368397772,0.0,,0.020535856368397772,0.7565178621428837,,0.2229462814887185,,,,,,,,,,,74,False,
alignscore+granite_guardian_3_1_2b+granite_guardian_3_2_3b_a800m,3,0,0.7625418511757039,0.01039286608901756,612.8959261428972,0.026091827205305368,0.0,0.9066019501234461,,,,0.06730622267124842,0.026091827205305368,,,,,,,,,,75,False,
alignscore+granite_guardian_3_2_3b_a800m+wecheck,3,0,0.7624486191833046,0.01011996283311667,566.8070086578421,0.03933090494276944,0.0,0.7513325792308814,,,,,0.03933090494276944,,,,,,,,,0.20933651582634907,76,False,
alignscore+minicheck_dbta+minicheck_ft5,3,0,0.7624185953275935,0.006411794138439504,691.2173255488811,0.07067658402909142,0.0,0.822033567005442,,,,,,,,,,0.07067658402909142,0.10728984896546664,,,,77,True,21.0
alignscore+factkb+hhem,3,0,0.7622773396304957,0.007659494147747233,695.3194060657788,0.0017020406552766848,0.0,0.9786403005481729,,,0.01965765879655043,,,,,0.0017020406552766848,,,,,,,78,False,
alignscore+granite_guardian_3_1_2b+granite_guardian_4_1_3b_factuality_lora,3,0,0.7622449787757015,0.00810233035038221,632.2637186090226,0.038052693401229444,0.0,0.8969206287058515,,,,0.06502667789291898,,,0.038052693401229444,,,,,,,,79,False,
factcg+factkb+granite_guardian_3_1_2b,3,0,0.7620503159461854,0.018624212317886628,412.14908582705266,0.0036010086698256344,0.0,,,0.8854843885662038,0.0036010086698256344,0.1109146027639704,,,,,,,,,,,80,False,
alignscore+granite_guardian_3_2_3b_a800m+minicheck_ft5,3,0,0.7617537239736738,0.008478465817207674,644.5032749795001,0.014746429865911737,0.0,0.9489400723844927,,,,,0.03631349774959543,,,,,,0.014746429865911737,,,,81,False,
alignscore+granite_guardian_4_1_3b_factuality_lora+minicheck_ft5,3,0,0.7616390730581777,0.007922484210902846,668.5234242325498,0.005855170032090205,0.0,0.9526937607494499,,,,,,,0.04145106921845987,,,,0.005855170032090205,,,,82,False,
alignscore+granite_guardian_4_1_3b_factuality_lora+hhem,3,0,0.7616208206393467,0.006588071570518239,666.2447246613813,0.0005649717514124294,0.0,0.9542050403407766,,,,,,,0.04522998790781102,0.0005649717514124294,,,,,,,83,False,
factcg+lettuce_v2+qwen30_judge,3,0,0.7615777137948145,0.020901330960615565,502.83062752443203,0.09789251707284699,0.0,,,0.5291315687235706,,,,,,,0.09789251707284699,,,,0.37297591420358256,,84,True,22.0
factcg+granite_guardian_3_2_8b_factuality+minicheck_dbta,3,0,0.7615500439557464,0.01773288796168849,451.8069990608008,0.010596138992015912,0.0,,,0.9533421448751392,,,,0.0360617161328449,,,,0.010596138992015912,,,,,85,False,
alignscore+factkb+minicheck_ft5,3,0,0.761384399793292,0.007629048670635079,700.3856048544201,0.013610299609479732,0.0,0.9725810261849681,,,0.013610299609479732,,,,,,,,0.01380867420555217,,,,86,False,
alignscore+factcc+granite_guardian_3_1_2b,3,0,0.7613717994299055,0.008342541206132875,656.2659677893089,0.004913520646400061,0.0,0.91416278975097,0.004913520646400061,,,0.0809236896026299,,,,,,,,,,,87,False,
factcc+factcg+qwen30_judge,3,0,0.7612054405095663,0.01749000540886657,461.31811302032946,0.02384650427034647,0.1,,0.02384650427034647,0.8112149427801603,,,,,,,,,,,0.16493855294949325,,88,False,
factcc+factcg+minicheck_dbta,3,0,0.7611778483925288,0.016203516797310667,407.25141122144225,0.014008779198811305,0.0,,0.055561271857222906,0.9304299489439657,,,,,,,,0.014008779198811305,,,,,89,False,
factcc+factcg+granite_guardian_3_2_8b_factuality,3,0,0.7611605359271862,0.019390688463359493,454.67683767280266,0.056022797021530124,0.1,,0.05707844023295132,0.8868987627455185,,,,0.056022797021530124,,,,,,,,,90,True,23.0
alignscore+hhem+minicheck_ft5,3,0,0.7610757036548907,0.007691568423137105,737.6242764855275,0.0015130101426246833,0.0,0.9928240698927864,,,,,,,,0.0015130101426246833,,,0.00566291996458898,,,,91,False,
factcc+factcg+minicheck_ft5,3,0,0.7608626200063309,0.018417408742194795,391.64652475720493,0.01647703960044276,0.0,,0.0947604044575133,0.8887625559420439,,,,,,,,,0.01647703960044276,,,,92,False,
alignscore+granite_guardian_3_1_2b+hhem,3,0,0.7608080885139472,0.008859380727256205,673.7295676543579,0.0007561490714689816,0.0,0.9215380817392381,,,,0.07770576918929287,,,,0.0007561490714689816,,,,,,,93,False,
alignscore+granite_guardian_3_1_2b+minicheck_ft5,3,0,0.7607732254680365,0.006726369277803106,688.6936575231427,0.005483526499795869,0.0,0.9196175411965226,,,,0.07489893230368148,,,,,,,0.005483526499795869,,,,94,False,
alignscore+granite_guardian_4_1_3b_factuality_lora+wecheck,3,0,0.7607558988321198,0.007557893485284541,599.2128667159025,0.036913851871093396,0.0,0.7443189141417438,,,,,,,0.036913851871093396,,,,,,,0.21876723398716277,95,False,
granite_guardian_3_2_8b_factuality+lettuce_v2+qwen30_judge,3,0,0.760647579936971,0.014065407996852863,467.56511756048275,0.09950030001116819,0.1,,,,,,,0.09950030001116819,,,0.48692462800877506,,,,0.4135750719800567,,96,True,24.0
factcg+hhem+qwen30_judge,3,0,0.7606206509639405,0.015873762504849998,478.47361754834327,0.03066112352618345,0.0,,,0.7452464974188475,,,,,,0.03066112352618345,,,,,0.22409237905496898,,97,False,
alignscore+hhem+wecheck,3,0,0.7603785599063377,0.009710355088856381,643.9807570531035,0.0030238788820170113,0.0,0.7907117601254688,,,,,,,,0.0030238788820170113,,,,,,0.20626436099251416,98,False,
alignscore+granite_guardian_3_2_8b_factuality+lettuce_v2,3,0,0.7602909800465391,0.019541640458555776,655.3471859901501,0.12334854851405,0.0,0.6465228535326428,,,,,,0.12334854851405,,,0.23012859795330715,,,,,,99,True,25.0
factcg+granite_guardian_3_2_8b_factuality+minicheck_ft5,3,0,0.7602862345075267,0.019985588987263617,445.5147701031521,0.0035974270547032535,0.8,,,0.9680471854216673,,,,0.02835538752362949,,,,,0.0035974270547032535,,,,100,False,
factcg+granite_guardian_3_2_3b_a800m+minicheck_dbta,3,0,0.7602548542315489,0.023562869286563662,335.49812890226247,0.0015144436378273088,0.1,,,0.8807461552758129,,,0.11773940108635983,,,,,0.0015144436378273088,,,,,101,False,
alignscore+factkb+granite_guardian_3_1_2b,3,0,0.7598735261866004,0.007289095769014687,642.6191192960821,0.010393437043585993,0.0,0.9117081559310009,,,0.010393437043585993,0.07789840702541302,,,,,,,,,,,102,False,
factcg+granite_guardian_3_2_3b_a800m+granite_guardian_4_1_3b_factuality_lora,3,0,0.7598496491514679,0.023137034078502552,341.04919524795565,0.002463572301516027,0.1,,,0.8811331547826639,,,0.11640327291582013,,0.002463572301516027,,,,,,,,103,False,
factcg+factkb+granite_guardian_3_2_3b_a800m,3,0,0.7597058526957048,0.02201680336030355,399.6937980663411,0.0007590132827324478,0.0,,,0.9642388982426878,0.0007590132827324478,,0.03500208847457981,,,,,,,,,,104,False,
factcc+factcg+lettuce_v2,3,0,0.7594426773002227,0.0146985163212061,318.99010329686234,0.06792833011153475,0.0,,0.06792833011153475,0.5721769102418132,,,,,,,0.3598947596466521,,,,,,105,True,26.0
alignscore+minicheck_ft5+wecheck,3,0,0.7593684543532044,0.00868608071712339,647.7084012800077,0.003963366560301223,0.0,0.7892385669385501,,,,,,,,,,,0.003963366560301223,,,0.20679806650114876,106,False,
factcg+hhem+minicheck_ft5,3,0,0.7593666956234367,0.02232385407934108,415.7715082161159,0.01345100310267681,0.0,,,0.9472804883918723,,,,,,0.03926850850545089,,,0.01345100310267681,,,,107,False,
factcg+granite_guardian_3_1_2b+lettuce_v2,3,0,0.7593314262435573,0.019220422981403366,316.8721436881268,0.1874497103695672,0.0,,,0.47116968748345583,,0.1874497103695672,,,,,0.3413806021469769,,,,,,108,True,27.0
factcc+granite_guardian_3_1_2b+lettuce_v2,3,0,0.7593011239959708,0.003334551789323806,89.92130201361852,0.1364494862312429,0.1,,0.2138421481233061,,,0.1364494862312429,,,,,0.649708365645451,,,,,,109,True,28.0
factcg+granite_guardian_3_2_3b_a800m+minicheck_ft5,3,0,0.7591984372576336,0.022477052790583922,327.5358138826082,0.0018979062295600424,0.1,,,0.879224879355496,,,0.11887721441494396,,,,,,0.0018979062295600424,,,,110,False,
factcg+granite_guardian_3_2_8b_factuality+qwen30_fast,3,0,0.7591657799145396,0.020329481154778145,469.28948303955804,0.08741864342490305,0.1,,,0.6050578394488675,,,,0.08741864342490305,,,,,,0.3075235171262294,,,111,True,29.0
factcg+granite_guardian_3_2_3b_a800m+hhem,3,0,0.7591517450293592,0.02267815772319998,381.8638560599955,0.04724883368183734,0.0,,,0.8954324958402946,,,0.04724883368183734,,,0.05731867047786797,,,,,,,112,False,
factcg+factkb+qwen30_judge,3,0,0.7591428411627363,0.01738081215777585,439.53454502008674,0.10395943025785068,0.0,,,0.6320014227878525,0.10395943025785068,,,,,,,,,,0.26403914695429676,,113,True,30.0
alignscore+granite_guardian_3_1_2b+minicheck_dbta,3,0,0.7591008982612449,0.007374598403010974,682.8880744620473,0.024390510824686372,0.0,0.9107442167673968,,,,0.06486527240791687,,,,,,0.024390510824686372,,,,,114,False,
factcg+factkb+minicheck_ft5,3,0,0.7590359350227762,0.022257554856581898,421.40673852197204,0.003978723847373066,0.0,,,0.9769009221589766,0.003978723847373066,,,,,,,,0.019120353993650255,,,,115,False,
factcg+granite_guardian_4_1_3b_factuality_lora+minicheck_ft5,3,0,0.7590244353794968,0.022601696857637903,394.92999921063176,0.016652855541770477,0.0,,,0.9651608860722639,,,,,0.01818625838596559,,,,0.016652855541770477,,,,116,False,
factcg+granite_guardian_3_2_8b_factuality+lettuce_v2,3,0,0.7589499246464351,0.019564843580608064,488.4827448591506,0.12881459336697543,0.0,,,0.6830319807887183,,,,0.12881459336697543,,,0.18815342584430622,,,,,,117,True,31.0
alignscore+granite_guardian_3_1_2b+wecheck,3,0,0.7587929797558296,0.007495875174125695,614.9403117001693,0.0421804406744933,0.0,0.7606394541256618,,,,0.0421804406744933,,,,,,,,,,0.1971801051998449,118,False,
factcg+granite_guardian_4_1_3b_factuality_lora+hhem,3,0,0.7585691089143232,0.020262165614275584,397.06820556137177,0.016103616725189226,0.0,,,0.9399029886836789,,,,,0.016103616725189226,0.043993394591131864,,,,,,,119,False,
alignscore+qwen30_judge+wecheck,3,0,0.7584030701061233,0.00684314229612038,646.0500042108984,0.07777183187327931,0.0,0.4365698453563138,,,,,,,,,,,,,0.48565832277040677,0.07777183187327931,120,True,32.0
alignscore+minicheck_dbta+wecheck,3,0,0.7582865974773085,0.007147845399255077,654.1519174397702,0.0034026722111813097,0.0,0.7888140379459861,,,,,,,,,,0.0034026722111813097,,,,0.2077832898428325,121,False,
factcg+granite_guardian_3_1_2b+qwen30_fast,3,0,0.7582577270649825,0.0215753249582301,378.02758034823796,0.15957698494389608,0.0,,,0.5970328433774099,,0.15957698494389608,,,,,,,,0.2433901716786941,,,122,True,33.0
factcg+hhem+minicheck_dbta,3,0,0.7580739052946585,0.020550412832111307,415.092299020843,0.0064336818984099126,0.0,,,0.95052484335203,,,,,,0.043041474749559994,,0.0064336818984099126,,,,,123,False,
alignscore+granite_guardian_3_2_8b_factuality+granite_guardian_4_1_3b_factuality_lora,3,0,0.7576979311537133,0.008357492349863603,652.5783034633757,0.056888701176560176,0.1,0.7651899135275477,,,,,,0.056888701176560176,0.17792138529589221,,,,,,,,124,True,34.0
alignscore+granite_guardian_3_2_8b_factuality+wecheck,3,0,0.7576534457000774,0.01365368308228838,661.8572751978269,0.08557893812515338,0.0,0.6538943529247485,,,,,,0.08557893812515338,,,,,,,,0.26052670895009816,125,True,35.0
factcg+granite_guardian_4_1_3b_factuality_lora+minicheck_dbta,3,0,0.7575854394832241,0.021522558744469216,398.4228957537052,0.015909576506384415,0.0,,,0.9678131726845667,,,,,0.015909576506384415,,,0.016277250809048814,,,,,126,False,
alignscore+granite_guardian_3_2_8b_factuality+minicheck_ft5,3,0,0.7573580508730707,0.014932968481510508,724.7836929378279,0.06389706910201963,0.0,0.7778855730128639,,,,,,0.06389706910201963,,,,,0.1582173578851165,,,,127,True,36.0
factcg+factkb+hhem,3,0,0.757356635570164,0.02172477069349601,418.0718007754034,0.006061705951733805,0.0,,,0.9702813857611637,0.006061705951733805,,,,,0.02365690828710252,,,,,,,128,False,
alignscore+granite_guardian_3_2_3b_a800m+granite_guardian_3_2_8b_factuality,3,0,0.7571995249452105,0.014970668922349231,600.7373174068887,0.06899740304531723,0.1,0.7812451671984544,,,,,0.14975742975622838,0.06899740304531723,,,,,,,,,129,True,37.0
factcc+lettuce_v2+wecheck,3,0,0.7571226584076932,0.007228833226379776,123.12946767796502,0.1768420517038586,0.1,,0.1768420517038586,,,,,,,,0.6142760057804474,,,,,0.20888194251569403,130,True,38.0
granite_guardian_3_1_2b+lettuce_v2+qwen30_judge,3,0,0.757104682329466,0.0110995010052731,362.0104482885346,0.18627715151431973,0.0,,,,,0.18627715151431973,,,,,0.42150645087536986,,,,0.39221639761031046,,131,True,39.0
factcg+factkb+granite_guardian_4_1_3b_factuality_lora,3,0,0.7569195686057438,0.021571767882653574,394.7472534844079,0.004736658978488645,0.0,,,0.9774562164082944,0.004736658978488645,,,,0.017807124613216912,,,,,,,,132,False,
factcg+minicheck_ft5+qwen30_fast,3,0,0.7568254078933676,0.023026958851507462,385.41322472271776,0.012504384619181002,0.0,,,0.5311867356961955,,,,,,,,,0.012504384619181002,0.4563088796846236,,,133,False,
factcg+factkb+minicheck_dbta,3,0,0.7567611339184411,0.021646183905023028,420.46785265093985,0.004548340465523364,0.0,,,0.9816340522515496,0.004548340465523364,,,,,,,0.013817607282926947,,,,,134,False,
factcg+minicheck_dbta+minicheck_ft5,3,1,0.7564950609560314,0.021661754421620157,420.93171473041787,0.000945179584120983,0.6,,,0.9962192816635161,,,,,,,,0.002835538752362949,0.000945179584120983,,,,135,False,
factcc+factcg+factkb,3,1,0.756359970259168,0.021668639794205292,419.496332365538,0.0034033788066958346,0.0,,0.0034033788066958346,0.9916684133386566,0.004928207854647541,,,,,,,,,,,,136,False,
factcg+granite_guardian_3_2_3b_a800m+lettuce_v2,3,0,0.7560428339598534,0.022804612181775333,349.40125556625736,0.03859451122730244,0.0,,,0.8284977688622991,,,0.03859451122730244,,,,0.1329077199103984,,,,,,137,False,
granite_guardian_3_2_3b_a800m+lettuce_v2+qwen30_fast,3,0,0.755136566223896,0.006661961060338985,251.9341020244754,0.05299000878116311,0.0,,,,,,0.05299000878116311,,,,0.245123162662558,,,0.7018868285562788,,,138,True,40.0
factcg+lettuce_v2+minicheck_dbta,3,0,0.7551011393831576,0.022710317276752146,390.7108787290417,0.009460814226935897,0.0,,,0.8481605835858744,,,,,,,0.1423786021871897,0.009460814226935897,,,,,139,False,
factcg+granite_guardian_4_1_3b_factuality_lora+qwen30_fast,3,0,0.7550759349873284,0.020274583314150576,374.8778475558175,0.013837342026532603,0.0,,,0.5750056974300873,,,,,0.013837342026532603,,,,,0.41115696054338,,,140,False,
lettuce_v2+qwen30_judge+wecheck,3,1,0.7548948977917913,0.017391610330856812,473.8786125158707,0.1701021979181876,0.0,,,,,,,,,,0.23432428846616177,,,,0.5955735136156507,0.1701021979181876,141,False,
factcg+lettuce_v2+minicheck_ft5,3,0,0.7547301319268443,0.022591392420184243,391.07319086617645,0.014763554220971808,0.0,,,0.8449434170930864,,,,,,,0.14029302868594173,,0.014763554220971808,,,,142,False,
factcg+hhem+lettuce_v2,3,0,0.7547226448991016,0.023202653874389415,389.6576564967777,0.019305843653638403,0.0,,,0.854022131661031,,,,,,0.019305843653638403,0.12667202468533062,,,,,,143,False,
alignscore+minicheck_dbta+qwen30_judge,3,1,0.7546302934647171,0.011864313482154552,642.1546014697916,0.06815849521416395,0.0,0.3943749171749448,,,,,,,,,,0.06815849521416395,,,0.5374665876108912,,144,False,
alignscore+granite_guardian_3_2_8b_factuality+hhem,3,2,0.7545619184543686,0.013856468366804818,755.3101986309846,0.08832656739206608,0.0,0.783684698558362,,,,,,0.127988734049572,,0.08832656739206608,,,,,,,145,False,
alignscore+qwen30_fast+wecheck,3,0,0.7545468960839361,0.012148825541696925,402.5302385592607,0.2745774471897905,0.0,0.2808966113428724,,,,,,,,,,,,0.2745774471897905,,0.44452594146733715,146,True,41.0
alignscore+factkb+wecheck,3,1,0.7545423014342343,0.009677761529530416,645.7850354100169,0.002835224017124343,0.0,0.787524665457084,,,0.002835224017124343,,,,,,,,,,,0.20964011052579173,147,False,
alignscore+factcc+granite_guardian_3_2_8b_factuality,3,2,0.7543725207120892,0.013262977321698429,767.065681949032,0.05310734463276836,0.0,0.8152404426043545,0.05310734463276836,,,,,0.1316522127628771,,,,,,,,,148,False,
granite_guardian_3_1_2b+lettuce_v2+qwen30_fast,3,0,0.7540794117618976,0.008140349506692466,242.1560437433102,0.15423220436736665,0.0,,,,,0.15423220436736665,,,,,0.26250960599602224,,,0.5832581896366111,,,149,True,42.0
lettuce_v2+qwen30_fast+wecheck,3,0,0.7534912477954894,0.007651986806076106,265.06968958148684,0.2155839584092541,0.0,,,,,,,,,,0.2155839584092541,,,0.507558153908054,,0.27685788768269176,150,True,43.0
alignscore+factkb+granite_guardian_3_2_8b_factuality,3,2,0.7532843119036748,0.014309325709554383,836.4903971949794,0.0009437555847475427,0.0,0.8028915879958595,,,0.0009437555847475427,,,0.19616465641939293,,,,,,,,,151,False,
alignscore+minicheck_ft5+qwen30_judge,3,1,0.7528991309270752,0.01453979568787945,629.724611986905,0.1334116911280779,0.1,0.31866400369280296,,,,,,,,,,,0.1334116911280779,,0.547924305179119,,152,False,
alignscore+minicheck_ft5+qwen30_fast,3,1,0.7527222292209378,0.008025043945485748,540.0254058273725,0.002835198308778572,0.0,0.5763035196363128,,,,,,,,,,,0.002835198308778572,0.4208612820549087,,,153,False,
alignscore+granite_guardian_3_2_3b_a800m+qwen30_fast,3,1,0.752590539358607,0.009159825421787723,491.3976162691679,0.02269487538744839,0.0,0.573666067919756,,,,,0.02269487538744839,,,,,,,0.4036390566927956,,,154,False,
factcg+factkb+lettuce_v2,3,0,0.7525886257014512,0.022360785608628714,388.3128761700094,0.0022763224443384284,0.0,,,0.8559151095552439,0.0022763224443384284,,,,,,0.1418085680004177,,,,,,155,False,
alignscore+hhem+qwen30_fast,3,1,0.7525396623302812,0.00985220640995144,537.7441781505673,0.0,0.0,0.5833302310906308,,,,,,,,0.0,,,,0.41666976890936913,,,156,False,
factcg+minicheck_dbta+qwen30_fast,3,0,0.7523694981912991,0.01922742248473792,390.62607068222786,0.0037940141245025164,0.1,,,0.47243909707456827,,,,,,,,0.0037940141245025164,,0.5237668888009293,,,157,False,
alignscore+factkb+qwen30_judge,3,1,0.7523560436649237,0.002654095058643915,680.6028121784954,0.0,0.0,0.4661063602608252,,,0.0,,,,,,,,,,0.5338936397391747,,158,False,
alignscore+factcc+qwen30_fast,3,1,0.7522395777785599,0.006837556636858158,543.1567088455186,0.0,0.0,0.5967769525452468,0.0,,,,,,,,,,,0.40322304745475324,,,159,False,
factcg+granite_guardian_4_1_3b_factuality_lora+lettuce_v2,3,0,0.7522069651307246,0.02190759164960518,365.1102303560321,0.017802840494237,0.0,,,0.847956865864975,,,,,0.017802840494237,,0.13424029364078807,,,,,,160,False,
alignscore+granite_guardian_3_2_3b_a800m+qwen30_judge,3,1,0.7520989551573696,0.009249045125272951,641.2941150994487,0.049706796376843304,0.0,0.4562298518393083,,,,,0.049706796376843304,,,,,,,,0.4940633517838483,,161,False,
lettuce_v2+qwen30_fast+qwen30_judge,3,1,0.7516149313226841,0.014838475687689277,424.698851734672,0.2658102297403193,0.0,,,,,,,,,,0.2658102297403193,,,0.34912757068333283,0.3850621995763479,,162,False,
alignscore+factcc+qwen30_judge,3,1,0.7515587353663266,0.004430502440298586,678.7904662845095,0.0,0.0,0.46516074674145463,0.0,,,,,,,,,,,,0.5348392532585454,,163,False,
factcg+lettuce_v2+qwen30_fast,3,0,0.7514510731605136,0.027718415326232367,352.4205053420509,0.2033160191238478,0.0,,,0.5832650976892422,,,,,,,0.2033160191238478,,,0.21341888318691007,,,164,True,44.0
granite_guardian_3_2_3b_a800m+lettuce_v2+qwen30_judge,3,1,0.7511098238840491,0.012460331393902083,532.8298883725763,0.012666975180840052,0.0,,,,,,0.012666975180840052,,,,0.26533006338231807,,,,0.7220029614368418,,165,False,
alignscore+minicheck_dbta+qwen30_fast,3,1,0.7509474135414027,0.008399121177198815,535.9993827441114,0.007180558761434946,0.0,0.5776580616926905,,,,,,,,,,0.007180558761434946,,0.4151613795458746,,,166,False,
lettuce_v2+minicheck_ft5+qwen30_judge,3,1,0.7508729045206485,0.014407385842961643,537.3678103248848,0.009645955105914312,0.0,,,,,,,,,,0.2643758465749241,,0.009645955105914312,,0.7259781983191617,,167,False,
factcg+granite_guardian_3_2_3b_a800m+qwen30_fast,3,0,0.7504476081162286,0.019698727690015592,349.6997247434644,0.03799588194470759,0.0,,,0.5302843872846343,,,0.03799588194470759,,,,,,,0.43171973077065806,,,168,False,
alignscore+factkb+qwen30_fast,3,1,0.7503747465592633,0.006797594828733394,544.6864440247762,0.0,0.0,0.6039464381385897,,,0.0,,,,,,,,,0.3960535618614102,,,169,False,
factcg+hhem+qwen30_fast,3,0,0.7497525232601566,0.022848906782012825,401.4728345126705,0.008707864406142563,0.0,,,0.7816793484483855,,,,,,0.008707864406142563,,,,0.20961278714547196,,,170,False,
alignscore+hhem+qwen30_judge,3,1,0.7497525175141098,0.005013705203175813,638.2891164630205,0.06091081593927894,0.0,0.4353755360770034,,,,,,,,0.06091081593927894,,,,,0.5037136479837176,,171,False,
alignscore+granite_guardian_4_1_3b_factuality_lora+qwen30_judge,3,1,0.7496524154192046,0.010504757005535135,634.0273051639626,0.06943119478902365,0.1,0.3997934012003471,,,,,,,0.06943119478902365,,,,,,0.5307754040106293,,172,False,
granite_guardian_3_2_8b_factuality+qwen30_fast+wecheck,3,0,0.7495131938653526,0.0039113847546858125,317.16174483639253,0.029489603024574672,1.6,,,,,,,0.029489603024574672,,,,,,0.3356220934761263,,0.634888303499299,173,False,
granite_guardian_3_1_2b+granite_guardian_3_2_3b_a800m+lettuce_v2,3,0,0.749440746838658,0.011139013843233247,141.73805551337807,0.0386033981380465,0.0,,,,,0.39109778265225176,0.0386033981380465,,,,0.5702988192097018,,,,,,174,False,
factcc+factcg+qwen30_fast,3,0,0.7492303935354545,0.02313254001453622,370.19894935644015,0.05739500674619703,0.0,,0.05739500674619703,0.5512919226584283,,,,,,,,,,0.3913130705953747,,,175,True,45.0
alignscore+granite_guardian_4_1_3b_factuality_lora+qwen30_fast,3,1,0.7489070441208152,0.00819091310711892,523.0106009323629,0.024056104817958883,0.0,0.5806389299266096,,,,,,,0.024056104817958883,,,,,0.3953049652554315,,,176,False,
factcg+factkb+qwen30_fast,3,0,0.7488863540561274,0.026119379898331452,399.6663813558775,0.0,0.0,,,0.7690113087034148,0.0,,,,,,,,,0.23098869129658522,,,177,False,
alignscore+granite_guardian_3_1_2b+qwen30_fast,3,1,0.7487999069602544,0.008645767132490425,535.550380458642,0.015133719712170752,0.0,0.5751857924573744,,,,0.015133719712170752,,,,,,,,0.4096804878304548,,,178,False,
alignscore+granite_guardian_3_2_8b_factuality+qwen30_judge,3,1,0.748597052138183,0.006187254768119158,661.6858673596998,0.0034220532319391636,0.1,0.3388829147421968,,,,,,0.0034220532319391636,,,,,,,0.6576950320258641,,179,False,
alignscore+granite_guardian_3_1_2b+granite_guardian_3_2_8b_factuality,3,1,0.7485048360438069,0.011567344539093978,684.2717535023186,0.1307358841688106,0.0,0.7021877356766413,,,,0.1670763801545481,,0.1307358841688106,,,,,,,,,180,False,
alignscore+granite_guardian_3_1_2b+qwen30_judge,3,1,0.7483340336234703,0.007539471375061745,669.9322911794865,0.00586014453406806,0.0,0.4615747508234594,,,,0.00586014453406806,,,,,,,,,0.5325651046424724,,181,False,
granite_guardian_3_2_8b_factuality+lettuce_v2+qwen30_fast,3,0,0.7482484437797468,0.010724474616729934,320.93598435520863,0.10272106446644258,0.1,,,,,,,0.10272106446644258,,,0.3997554240377871,,,0.49752351149577034,,,182,True,46.0
granite_guardian_4_1_3b_factuality_lora+lettuce_v2+qwen30_fast,3,0,0.7482030718948068,0.006472280459965399,271.74383794853696,0.06001552813391409,0.0,,,,,,,,0.06001552813391409,,0.24492375608149936,,,0.6950607157845866,,,183,True,47.0
lettuce_v2+minicheck_dbta+qwen30_fast,3,0,0.7478233935366113,0.008563204826100457,263.9244311294525,0.01381300155790965,0.0,,,,,,,,,,0.25853477981152545,0.01381300155790965,,0.727652218630565,,,184,False,
alignscore+granite_guardian_3_2_8b_factuality+qwen30_fast,3,1,0.7472131483165905,0.010697353527391061,573.5595965711155,0.06563418144270387,0.0,0.5299699779183822,,,,,,0.06563418144270387,,,,,,0.404395840638914,,,185,False,
alignscore+qwen30_fast+qwen30_judge,3,1,0.7470159791740296,0.010127003010585264,613.9820917697964,0.17443417959128174,0.0,0.42785242689385605,,,,,,,,,,,,0.17443417959128174,0.3977133935148622,,186,False,
hhem+lettuce_v2+qwen30_fast,3,0,0.7469146323536415,0.00649730372628277,261.01104208942877,0.015900271872907296,0.0,,,,,,,,,0.015900271872907296,0.25759207944919077,,,0.7265076486779021,,,187,False,
granite_guardian_3_1_2b+granite_guardian_4_1_3b_factuality_lora+lettuce_v2,3,0,0.7466906219054661,0.012197550828560416,158.5713164915196,0.058339292615341244,0.1,,,,,0.32490206888368245,,,0.058339292615341244,,0.6167586385009763,,,,,,188,True,48.0
granite_guardian_3_1_2b+lettuce_v2+minicheck_ft5,3,0,0.7459951340138808,0.010427389731121587,137.11810146710604,0.003231939163498099,0.1,,,,,0.37133187679945623,,,,,0.6254361840370456,,0.003231939163498099,,,,189,False,
lettuce_v2+minicheck_ft5+qwen30_fast,3,0,0.7456744196757302,0.007189829200109671,271.5665793893284,0.04259158380222446,0.0,,,,,,,,,,0.3333922828450179,,0.04259158380222446,0.6240161333527576,,,190,False,
granite_guardian_3_1_2b+qwen30_fast+wecheck,3,0,0.7455492410705257,0.008800882039846981,264.27116621010686,0.20467524759924274,0.0,,,,,0.44415646538951875,,,,,,,,0.35116828701123853,,0.20467524759924274,191,True,49.0
hhem+lettuce_v2+qwen30_judge,3,1,0.7454427855861085,0.013480118288457374,549.6785075025034,0.0001890359168241966,0.0,,,,,,,,,0.0001890359168241966,0.24832743242588867,,,,0.7514835316572871,,192,False,
granite_guardian_3_1_2b+granite_guardian_3_2_8b_factuality+lettuce_v2,3,0,0.7451896607717688,0.010571266601904784,135.94616477909958,0.0,0.2,,,,,0.36693234266826763,,0.0,,,0.6330676573317324,,,,,,193,False,
granite_guardian_3_1_2b+lettuce_v2+minicheck_dbta,3,0,0.7445088729885355,0.010897242938972382,150.92592294039642,0.0060491493383742915,0.1,,,,,0.3591760632183962,,,,,0.6347747874432296,0.0060491493383742915,,,,,194,False,
granite_guardian_3_1_2b+hhem+lettuce_v2,3,0,0.7442488236980482,0.00862489485795254,139.55251701069307,0.019472228890679184,0.0,,,,,0.40814952570203494,,,,0.019472228890679184,0.5723782454072859,,,,,,195,False,
minicheck_dbta+qwen30_fast+wecheck,3,0,0.744043017766896,0.005506804300704274,284.55500670613674,0.0,0.2,,,,,,,,,,,0.0,,0.18601608566715383,,0.8139839143328462,196,False,
factcc+lettuce_v2+qwen30_fast,3,0,0.7440215414885978,0.006260463228107026,227.0247382611332,0.04594400977848855,0.0,,0.04594400977848855,,,,,,,,0.3447620899029806,,,0.6092939003185308,,,197,False,
qwen30_fast+qwen30_judge+wecheck,3,0,0.7438062933751907,0.008505302527790965,331.35329149169246,0.10190114068441065,0.4,,,,,,,,,,,,,0.31299775592039836,0.10190114068441065,0.585101103395191,198,True,50.0
granite_guardian_4_1_3b_factuality_lora+lettuce_v2+qwen30_judge,3,1,0.7435415884241154,0.01671266523771629,496.0313870500339,0.015146992416873973,0.0,,,,,,,,0.015146992416873973,,0.33693563148770356,,,,0.6479173760954224,,199,False,
factkb+lettuce_v2+qwen30_fast,3,0,0.7431807030609199,0.008182810580109001,250.67157771626762,0.019496268211549705,0.0,,,,0.019496268211549705,,,,,,0.25514432261171544,,,0.7253594091767349,,,200,False,
lettuce_v2+minicheck_dbta+qwen30_judge,3,1,0.7431253902075619,0.016352725831593078,548.8545306946122,0.003589566724773151,0.0,,,,,,,,,,0.24719963573046838,0.003589566724773151,,,0.7492107975447585,,201,False,
granite_guardian_3_2_8b_factuality+minicheck_ft5+qwen30_judge,3,1,0.7423669671228568,0.020902267407802103,615.1669628198063,0.024644535827871253,0.2,,,,,,,0.024644535827871253,,,,,0.3241816527291682,,0.6511738114429605,,202,False,
factkb+lettuce_v2+qwen30_judge,3,1,0.7422945613470331,0.016887417228370265,551.2061653539748,0.0017027783633091758,0.0,,,,0.0017027783633091758,,,,,,0.24343640936760122,,,,0.7548608122690896,,203,False,
factcc+granite_guardian_3_2_3b_a800m+lettuce_v2,3,0,0.7422711117648194,0.010218374981855839,94.95666841807602,0.13144452367405238,0.1,,0.17965150144893466,,,,0.13144452367405238,,,,0.688903974877013,,,,,,204,True,51.0
minicheck_ft5+qwen30_fast+wecheck,3,0,0.7420679064068665,0.00781052470516217,284.51160120538924,0.0,0.8,,,,,,,,,,,,0.0,0.17383502817292915,,0.8261649718270707,205,False,
granite_guardian_4_1_3b_factuality_lora+qwen30_fast+wecheck,3,0,0.7419293599921273,0.009633287514592274,289.52063667350524,0.000945179584120983,0.1,,,,,,,,0.000945179584120983,,,,,0.2956684607369968,,0.7033863596788823,206,False,
granite_guardian_3_2_3b_a800m+qwen30_fast+wecheck,3,0,0.7416342148157496,0.009530755778096062,245.77567966712718,0.08082220831697381,0.2,,,,,,0.08082220831697381,,,,,,,0.4291069857465731,,0.4900708059364531,207,True,52.0
granite_guardian_3_2_8b_factuality+qwen30_judge+wecheck,3,0,0.7403169738726695,0.017119650603874118,408.5639906309259,0.03109624653017525,0.1,,,,,,,0.03109624653017525,,,,,,,0.2632804360123956,0.7056233174574291,208,False,
granite_guardian_3_1_2b+qwen30_fast+qwen30_judge,3,1,0.7397571594289388,0.008752379014797545,420.41108376228215,0.18309688210351424,0.0,,,,,0.18309688210351424,,,,,,,,0.5187291816221048,0.2981739362743809,,209,False,
factkb+granite_guardian_3_1_2b+lettuce_v2,3,0,0.7397135760288782,0.007277434418987425,127.44697779301505,0.052975882101669515,0.0,,,,0.052975882101669515,0.36707041313037003,,,,,0.5799537047679605,,,,,,210,True,53.0
granite_guardian_3_2_3b_a800m+lettuce_v2+wecheck,3,0,0.7393787039388826,0.0186574307435861,164.30413377568516,0.05034420319942108,0.0,,,,,,0.05034420319942108,,,,0.472407271896805,,,,,0.47724852490377395,211,True,54.0
minicheck_dbta+minicheck_ft5+qwen30_judge,3,1,0.7393121334835,0.01498015440330222,574.4824265168359,0.10619460363473254,0.1,,,,,,,,,,,0.10619460363473254,0.27765833541118684,,0.6161470609540806,,212,False,
granite_guardian_3_1_2b+qwen30_judge+wecheck,3,1,0.7367678325550304,0.008438115238486003,571.9435665058985,0.06642498351365125,0.0,,,,,0.06642498351365125,,,,,,,,,0.7738653279267707,0.15970968855957807,213,False,
granite_guardian_4_1_3b_factuality_lora+lettuce_v2+wecheck,3,0,0.7367678285333403,0.0194428979628316,210.6395505798279,0.07986697054740965,0.0,,,,,,,,0.07986697054740965,,0.4296676543642305,,,,,0.49046537508835986,214,True,55.0
factcc+granite_guardian_3_2_8b_factuality+lettuce_v2,3,0,0.7366573696529857,0.007712874195001977,154.98602645084833,0.08031050637959858,0.1,,0.21229334591706542,,,,,0.08031050637959858,,,0.707396147703336,,,,,,215,True,56.0
granite_guardian_3_1_2b+lettuce_v2+wecheck,3,0,0.73649955320807,0.016757451161797124,186.870795865841,0.15382659675196528,0.0,,,,,0.15382659675196528,,,,,0.4892224119517404,,,,,0.3569509912962943,216,True,57.0
granite_guardian_3_2_3b_a800m+granite_guardian_4_1_3b_factuality_lora+lettuce_v2,3,0,0.7363643394398544,0.010385999651960971,229.50421807517333,0.10212545349107445,0.0,,,,,,0.10212545349107445,,0.2900057534923379,,0.6078687930165876,,,,,,217,True,58.0
granite_guardian_4_1_3b_factuality_lora+minicheck_ft5+qwen30_judge,3,1,0.7360617593240087,0.015100681752249935,540.945779294558,0.2710180692072988,0.1,,,,,,,,0.28525273987446986,,,,0.2710180692072988,,0.44372919091823126,,218,False,
granite_guardian_3_2_3b_a800m+qwen30_judge+wecheck,3,0,0.735302607149342,0.011288926719787552,303.06329472646587,0.10773987683305278,0.4,,,,,,0.10773987683305278,,,,,,,,0.17556345875207816,0.716696664414869,219,True,59.0
minicheck_ft5+qwen30_fast+qwen30_judge,3,1,0.7349830230068364,0.012568280147411693,446.76528426278645,0.01815840393142838,0.0,,,,,,,,,,,,0.01815840393142838,0.6622915258887033,0.31955007017986825,,220,False,
granite_guardian_3_2_8b_factuality+minicheck_dbta+qwen30_judge,3,1,0.7348782966894604,0.01854918120248883,652.2855438349167,0.04389917632283545,0.2,,,,,,,0.04389917632283545,,,,0.0948085877062025,,,0.8612922359709622,,221,False,
granite_guardian_3_2_8b_factuality+granite_guardian_4_1_3b_factuality_lora+qwen30_judge,3,1,0.7345286894684874,0.013662064576761565,696.2097861623287,0.0758908207260034,0.1,,,,,,,0.0758908207260034,0.08041711983215835,,,,,,0.8436920594418382,,222,False,
factkb+qwen30_judge+wecheck,3,1,0.7343078469994614,0.01154947536564063,577.1739161154153,0.0003780772378205884,0.0,,,,0.0003780772378205884,,,,,,,,,,0.7942784858660279,0.20534343689615148,223,False,
granite_guardian_3_2_8b_factuality+hhem+qwen30_judge,3,1,0.7339961008821978,0.01681570642006991,695.7983318832996,0.046027760934515445,0.1,,,,,,,0.0983903776345475,,0.046027760934515445,,,,,0.855581861430937,,224,False,
hhem+qwen30_fast+wecheck,3,0,0.7339880674449469,0.010144697677239203,279.25927778457327,0.15262827859530526,0.1,,,,,,,,,0.15262827859530526,,,,0.5470661674719384,,0.3003055539327564,225,True,60.0
granite_guardian_3_2_3b_a800m+granite_guardian_3_2_8b_factuality+wecheck,3,0,0.7338760487702725,0.01273419184437301,228.5659931252269,0.0,0.4,,,,,,0.11131475509870777,0.0,,,,,,,,0.8886852449012922,226,False,
granite_guardian_3_2_3b_a800m+minicheck_ft5+wecheck,3,0,0.7338149995694558,0.01451754367606826,233.01066512502092,0.045627376425855515,0.2,,,,,,0.11945267593685074,,,,,,0.045627376425855515,,,0.8349199476372936,227,False,
minicheck_dbta+qwen30_judge+wecheck,3,0,0.733728296489126,0.014517163434157545,407.01162570764586,0.000567113154644785,0.0,,,,,,,,,,,0.000567113154644785,,,0.3366632781831481,0.6627696086622071,228,False,
granite_guardian_3_2_3b_a800m+granite_guardian_3_2_8b_factuality+qwen30_judge,3,1,0.7335236514232143,0.01550882824822534,696.9243541334556,0.03563467875291716,0.1,,,,,,0.03563467875291716,0.09963668444860134,,,,,,,0.8647286367984816,,229,False,
granite_guardian_3_2_3b_a800m+granite_guardian_4_1_3b_factuality_lora+wecheck,3,0,0.7335043726253014,0.01218948064895401,226.86301395200394,0.001699899252044329,0.1,,,,,,0.15346541067686287,,0.001699899252044329,,,,,,,0.8448346900710927,230,False,
minicheck_ft5+qwen30_judge+wecheck,3,1,0.7334975821693566,0.014380156033249158,411.92115636901354,0.004529774431946688,0.0,,,,,,,,,,,,0.004529774431946688,,0.3349869938125538,0.6604832317554994,231,False,
granite_guardian_3_1_2b+granite_guardian_3_2_3b_a800m+qwen30_fast,3,0,0.7333259464611872,0.0039940134279622405,251.41559043573503,0.03310916886785721,0.0,,,,,0.5382216656275721,0.03310916886785721,,,,,,,0.4286691655045707,,,232,False,
factkb+granite_guardian_3_2_3b_a800m+wecheck,3,0,0.7332753739095154,0.01480564295598662,223.5013826852988,0.05032027898690461,0.0,,,,0.05032027898690461,,0.057743554966844655,,,,,,,,,0.8919361660462506,233,True,61.0
factcc+granite_guardian_3_2_8b_factuality+qwen30_judge,3,1,0.7331332888852372,0.017966658021033914,706.2643016257928,0.02674275161941305,0.1,,0.02674275161941305,,,,,0.10569339019001153,,,,,,,0.8675638581905755,,234,False,
granite_guardian_3_2_3b_a800m+qwen30_fast+qwen30_judge,3,1,0.7329933917409026,0.010933930496729286,435.0891325436878,0.06937773941975464,0.0,,,,,,0.06937773941975464,,,,,,,0.6091309641916527,0.32149129638859264,,235,False,
hhem+qwen30_judge+wecheck,3,1,0.7328505209534673,0.013472822549699545,414.20379274977756,0.014766364544624697,0.1,,,,,,,,,0.014766364544624697,,,,,0.3605848223729016,0.6246488130824737,236,False,
granite_guardian_3_1_2b+granite_guardian_3_2_8b_factuality+qwen30_judge,3,1,0.7328240687194205,0.01657014482689599,581.8161182353323,0.07956636017106718,0.0,,,,,0.29473768094854713,,0.07956636017106718,,,,,,,0.6256959588803858,,237,False,
granite_guardian_3_2_8b_factuality+qwen30_fast+qwen30_judge,3,1,0.7327647793627358,0.009322780585145003,493.8315327934225,0.0742168026903114,0.0,,,,,,,0.0742168026903114,,,,,,0.6344029403400837,0.29138025696960485,,238,False,
factcc+qwen30_fast+qwen30_judge,3,1,0.7326040021235692,0.009943882412256017,455.352084642728,0.016635160680529303,0.0,,0.016635160680529303,,,,,,,,,,,0.6333218169101064,0.35004302240936436,,239,False,
factcc+qwen30_judge+wecheck,3,0,0.732268658024914,0.014944383463844723,401.3220240564171,0.02310874237207731,0.1,,0.02310874237207731,,,,,,,,,,,,0.3632320655415032,0.6136591920864195,240,False,
factcc+granite_guardian_3_2_3b_a800m+wecheck,3,0,0.7320555161884417,0.012252285864439211,242.90553453722396,0.0,0.0,,0.0,,,,0.0596339210058854,,,,,,,,,0.9403660789941146,241,False,
granite_guardian_3_2_3b_a800m+minicheck_dbta+wecheck,3,0,0.7320236571957459,0.013123890573143603,227.92994238696548,0.0,0.1,,,,,,0.14355260177573734,,,,,0.0,,,,0.8564473982242626,242,False,
granite_guardian_3_1_2b+granite_guardian_4_1_3b_factuality_lora+qwen30_fast,3,0,0.7319920707109161,0.007389901437496601,267.66958997770666,0.0221925458861337,0.1,,,,,0.4869255889330065,,,0.0221925458861337,,,,,0.49088186518085986,,,243,False,
factcc+granite_guardian_3_1_2b+qwen30_judge,3,1,0.7318718019747015,0.01194342738067332,630.3704915258837,0.0,0.0,,0.0,,,0.10463069937040419,,,,,,,,,0.8953693006295959,,244,False,
granite_guardian_3_1_2b+minicheck_dbta+qwen30_judge,3,1,0.7318464330662984,0.010700134248270854,624.3003840349954,0.020243118053713767,0.0,,,,,0.09651920101858266,,,,,,0.020243118053713767,,,0.8832376809277036,,245,False,
factkb+granite_guardian_3_1_2b+qwen30_judge,3,1,0.7316463896430155,0.013592258683477028,626.7372147487973,0.0007575879708438024,0.0,,,,0.0007575879708438024,0.1131595741387778,,,,,,,,,0.8860828378903784,,246,False,
granite_guardian_3_2_3b_a800m+hhem+wecheck,3,0,0.7316030210973379,0.010903695677107196,243.3451596301552,0.0011356598044921955,0.0,,,,,,0.060017020070718394,,,0.0011356598044921955,,,,,,0.9388473201247894,247,False,
factkb+lettuce_v2+wecheck,3,0,0.7315969886148567,0.014558471946424107,184.60717274594242,0.025159507003034282,0.0,,,,0.025159507003034282,,,,,,0.48282474957377675,,,,,0.49201574342318893,248,False,
granite_guardian_3_1_2b+granite_guardian_3_2_3b_a800m+qwen30_judge,3,1,0.7309638771999295,0.011478211817902416,628.0662812330879,0.005865551504668986,0.0,,,,,0.10180191168383652,0.005865551504668986,,,,,,,,0.8923325368114945,,249,False,
granite_guardian_4_1_3b_factuality_lora+qwen30_judge+wecheck,3,0,0.7309531536297144,0.012824343252859643,296.53699679394816,0.011166091807982224,0.1,,,,,,,,0.011166091807982224,,,,,,0.03570235624542246,0.9531315519465953,250,False,
factcc+granite_guardian_4_1_3b_factuality_lora+lettuce_v2,3,0,0.7309459773366276,0.014998658379227654,180.19074340009246,0.09529442649549978,0.0,,0.09529442649549978,,,,,,0.2254052586526687,,0.6793003148518315,,,,,,251,True,62.0
granite_guardian_3_1_2b+granite_guardian_4_1_3b_factuality_lora+qwen30_judge,3,1,0.7309441209427077,0.011573569917685197,557.6914834121587,0.01459101465535705,0.0,,,,,0.25812664501744653,,,0.01459101465535705,,,,,,0.7272823403271965,,252,False,
lettuce_v2+minicheck_dbta+wecheck,3,0,0.7308549592940341,0.014689522305006208,203.42116715581955,0.0007532956685499058,0.0,,,,,,,,,,0.5110898222236449,0.0007532956685499058,,,,0.4881568821078052,253,False,
lettuce_v2+minicheck_ft5+wecheck,3,0,0.730640798050233,0.015016350595412417,213.6020800634009,0.010391401252878508,0.0,,,,,,,,,,0.5061769539769261,,0.010391401252878508,,,0.4834316447701955,254,False,
granite_guardian_3_1_2b+minicheck_ft5+qwen30_fast,3,0,0.7305841041660466,0.007723232687449905,253.96895413620751,0.007750472589792061,0.1,,,,,0.5985270635176818,,,,,,,0.007750472589792061,0.39372246389252624,,,255,False,
granite_guardian_3_1_2b+granite_guardian_3_2_3b_a800m+wecheck,3,0,0.7302545983807931,0.012784544589495773,213.65426188112207,0.041832098755037,0.0,,,,,0.5230720890454872,0.041832098755037,,,,,,,,,0.4350958121994758,256,False,
granite_guardian_3_1_2b+hhem+qwen30_judge,3,1,0.7299523454612815,0.010972739681614002,632.1582762522921,0.0001890359168241966,0.0,,,,,0.10103535821058476,,,,0.0001890359168241966,,,,,0.8987756058725911,,257,False,
hhem+qwen30_fast+qwen30_judge,3,1,0.7298773504693326,0.01078395710174224,496.9788404099794,0.020415879017013232,0.0,,,,,,,,,0.020415879017013232,,,,0.5180242301702904,0.46155989081269644,,258,False,
minicheck_dbta+qwen30_fast+qwen30_judge,3,1,0.7294072619824513,0.006309548595786604,496.57392215912085,0.008692123287997408,0.0,,,,,,,,,,,0.008692123287997408,,0.5431889869605978,0.44811888975140485,,259,False,
granite_guardian_3_1_2b+minicheck_dbta+qwen30_fast,3,0,0.7293576861201063,0.007244640098668218,245.96275760731456,0.0,0.1,,,,,0.6702603138535228,,,,,,0.0,,0.32973968614647725,,,260,False,
granite_guardian_3_1_2b+minicheck_ft5+qwen30_judge,3,1,0.7292159062325622,0.012110934449554476,557.2511446188453,0.006814714060017454,0.0,,,,,0.26248238285102465,,,,,,,0.006814714060017454,,0.7307029030889579,,261,False,
granite_guardian_4_1_3b_factuality_lora+qwen30_fast+qwen30_judge,3,1,0.7290479754665007,0.009953948850794727,447.34123302192876,0.012131045585652185,0.0,,,,,,,,0.012131045585652185,,,,,0.6690263021104148,0.3188426523039329,,262,False,
hhem+lettuce_v2+wecheck,3,0,0.7289764080461207,0.015091251438824508,202.3246014618802,0.004157376979103275,0.0,,,,,,,,,0.004157376979103275,0.48735839480185,,,,,0.5084842282190467,263,False,
granite_guardian_3_2_8b_factuality+granite_guardian_4_1_3b_factuality_lora+wecheck,3,0,0.7289399504373852,0.011687060732884806,281.7483761082107,0.0,0.2,,,,,,,0.0,0.017799979062115317,,,,,,,0.9822000209378846,264,False,
hhem+minicheck_dbta+qwen30_judge,3,1,0.728661941264501,0.01269284913217885,668.8781758127941,0.0,0.0,,,,,,,,,0.0,,0.017784901306107125,,,0.9822150986938929,,265,False,
factcc+minicheck_dbta+qwen30_judge,3,1,0.7286466880018404,0.013497342801203759,668.287068292834,0.0,0.0,,0.0,,,,,,,,,0.019297926348733185,,,0.9807020736512667,,266,False,
granite_guardian_3_2_3b_a800m+minicheck_dbta+qwen30_judge,3,1,0.728231994177482,0.012066864893210462,662.2315485667384,0.01020592124283092,0.0,,,,,,0.01020592124283092,,,,,0.017594445481566474,,,0.9721996332756027,,267,False,
granite_guardian_3_2_8b_factuality+lettuce_v2+wecheck,3,0,0.728111119572436,0.015173637087367426,243.44265048545668,0.048966567648626586,0.1,,,,,,,0.048966567648626586,,,0.5570244760649797,,,,,0.39400895628639365,268,False,
factkb+qwen30_fast+wecheck,3,0,0.7280857664526426,0.006725133328857447,303.60487360458734,0.0017092269688368084,0.0,,,,0.0017092269688368084,,,,,,,,,0.6662015492060347,,0.3320892238251286,269,False,
factcc+qwen30_fast+wecheck,3,0,0.7280735870927749,0.006207000781757037,282.3057495235894,0.08790170132325141,0.0,,0.08790170132325141,,,,,,,,,,,0.6208344453467508,,0.2912638533299977,270,True,63.0
granite_guardian_4_1_3b_factuality_lora+minicheck_dbta+wecheck,3,0,0.7280179067375462,0.011042016743413673,282.85976628657465,0.00018832391713747646,0.1,,,,,,,,0.01382121723142551,,,0.00018832391713747646,,,,0.985990458851437,271,False,
factkb+qwen30_fast+qwen30_judge,3,1,0.727722483808592,0.01234005095793832,483.22697207651055,0.061626787036304954,0.0,,,,0.061626787036304954,,,,,,,,,0.47661601621071387,0.46175719675298127,,272,False,
granite_guardian_4_1_3b_factuality_lora+lettuce_v2+minicheck_dbta,3,0,0.7276699946655432,0.008613670945455258,260.279545509926,0.02836388861397924,0.0,,,,,,,,0.3510692474084065,,0.6205668639776143,0.02836388861397924,,,,,273,False,
granite_guardian_4_1_3b_factuality_lora+minicheck_dbta+qwen30_judge,3,1,0.7276413937231434,0.013908923397593384,520.1467739115814,0.2280948247075479,0.1,,,,,,,,0.30519723223407985,,,0.2280948247075479,,,0.46670794305837215,,274,False,
factkb+minicheck_dbta+qwen30_judge,3,1,0.7275771852236657,0.012663392825942784,668.3392891995866,0.003028206388485864,0.0,,,,0.003028206388485864,,,,,,,0.016078195479918993,,,0.9808935981315952,,275,False,
granite_guardian_3_2_3b_a800m+minicheck_ft5+qwen30_fast,3,0,0.7273080560572385,0.007634349953426545,303.1896502861406,0.052392465137429414,0.0,,,,,,0.06116837289776432,,,,,,0.052392465137429414,0.8864391619648064,,,276,True,64.0
granite_guardian_4_1_3b_factuality_lora+minicheck_ft5+wecheck,3,0,0.7272641803208242,0.010199647647515554,282.21873348027646,0.0,0.1,,,,,,,,0.013821592879184844,,,,0.0,,,0.9861784071208153,277,False,
factkb+granite_guardian_3_2_8b_factuality+qwen30_judge,3,2,0.7272387261910498,0.020410938295392405,746.796842460405,0.0007575879708438024,0.0,,,,0.0007575879708438024,,,0.16463595311089094,,,,,,,0.8346064589182653,,278,False,
factkb+minicheck_ft5+qwen30_judge,3,1,0.7272213029606991,0.014077970740881289,662.5036365261099,0.0017056466662296321,0.0,,,,0.0017056466662296321,,,,,,,,0.031599115115646066,,0.9666952382181243,,279,False,
hhem+minicheck_ft5+wecheck,3,0,0.7270403219354531,0.013516307740780279,286.25575163017595,0.04911116059981799,0.1,,,,,,,,,0.04911116059981799,,,0.08364552489178653,,,0.8672433145083953,280,False,
granite_guardian_3_2_8b_factuality+hhem+wecheck,3,0,0.7269144941512143,0.011966469274439378,283.3680268241013,0.0034026519070077337,0.2,,,,,,,0.0034026519070077337,,0.03557212953215057,,,,,,0.9610252185608417,281,False,
factcc+lettuce_v2+minicheck_ft5,3,0,0.7268710200283133,0.01602282879385541,123.91466388176362,0.10842211092494485,0.1,,0.20310460817341297,,,,,,,,0.6884732809016423,,0.10842211092494485,,,,282,True,65.0
granite_guardian_3_2_3b_a800m+minicheck_ft5+qwen30_judge,3,1,0.7267083168445335,0.01622044958178661,618.3457288214541,0.05721294757586477,0.0,,,,,,0.09295590148852031,,,,,,0.05721294757586477,,0.8498311509356149,,283,False,
factcc+granite_guardian_3_2_8b_factuality+wecheck,3,0,0.7265819421570903,0.01082096665887605,276.02480849836604,0.011347333865680615,0.1,,0.03838621154150681,,,,,0.011347333865680615,,,,,,,,0.9502664545928126,284,False,
hhem+minicheck_ft5+qwen30_judge,3,1,0.7265129804898108,0.011430865580220433,668.247022889718,0.0001890359168241966,0.0,,,,,,,,,0.0001890359168241966,,,0.020430092471484702,,0.979380871611691,,285,False,
factkb+minicheck_dbta+wecheck,3,0,0.7264329006350193,0.010684659718608939,279.1447282449998,0.024206918549264638,0.0,,,,0.05449953767112946,,,,,,,0.024206918549264638,,,,0.9212935437796059,286,False,
factcc+factkb+wecheck,3,0,0.7262206707032951,0.014712453230058807,269.5130075355414,0.0015130101426246833,0.0,,0.0015130101426246833,,0.06169329610388732,,,,,,,,,,,0.936793693753488,287,False,
granite_guardian_3_2_8b_factuality+minicheck_ft5+wecheck,3,0,0.7262103040080775,0.011521638392511739,287.32364683047643,0.00018975332068311195,0.2,,,,,,,0.00018975332068311195,,,,,0.0005663957507858697,,,0.9992438509285311,288,False,
minicheck_dbta+minicheck_ft5+wecheck,3,0,0.7261110668019934,0.011363120573393037,292.307515864726,0.0,0.1,,,,,,,,,,,0.0007561490714689817,0.0,,,0.9992438509285311,289,False,
granite_guardian_3_2_8b_factuality+minicheck_dbta+wecheck,3,0,0.726098586935528,0.011352217570961545,287.38549853856546,0.0003795066413662239,0.2,,,,,,,0.0003795066413662239,,,,0.0005663957507858697,,,,0.9990540976078479,290,False,
granite_guardian_3_2_3b_a800m+granite_guardian_4_1_3b_factuality_lora+qwen30_judge,3,2,0.7259729237504908,0.012639955583596353,664.3460297662723,0.01020089663667673,0.0,,,,,,0.01020089663667673,,0.022155068433557898,,,,,,0.9676440349297654,,291,False,
hhem+minicheck_dbta+wecheck,3,1,0.725938656746694,0.011517140648290389,280.880264084523,0.012678857931940962,0.0,,,,,,,,,0.04675036353259544,,0.012678857931940962,,,,0.9405707785354636,292,False,
factcc+minicheck_dbta+wecheck,3,1,0.7259036595980661,0.009868029963525704,291.467300060487,0.0013232622261137666,0.0,,0.0013232622261137666,,,,,,,,,0.01722182941018014,,,,0.9814549083637061,293,False,
factcc+hhem+wecheck,3,1,0.7258297270627206,0.011575720724883276,285.3866768287681,0.0013225448222548514,0.0,,0.0013225448222548514,,,,,,,0.0015151759416876047,,,,,,0.9971622792360575,294,False,
factcc+minicheck_ft5+wecheck,3,1,0.7256413065736975,0.013422110628838725,303.87160655135665,0.04631452242995927,0.0,,0.04631452242995927,,,,,,,,,,0.1737065729390836,,,0.7799789046309572,295,False,
granite_guardian_4_1_3b_factuality_lora+hhem+lettuce_v2,3,0,0.725357444790058,0.006866728551784869,242.69208904792112,0.034429568195222714,0.0,,,,,,,,0.36072307921087887,0.034429568195222714,0.6048473525938983,,,,,,296,False,
granite_guardian_3_1_2b+granite_guardian_3_2_8b_factuality+qwen30_fast,3,0,0.7253250114950196,0.003232959101109154,247.54470773373504,0.0,0.2,,,,,0.6476038760504923,,0.0,,,,,,0.3523961239495077,,,297,False,
factkb+hhem+wecheck,3,0,0.7252238655938751,0.015141637173718447,270.5855257663544,0.002649757594562932,0.0,,,,0.06507884380589718,,,,,0.002649757594562932,,,,,,0.9322713985995399,298,False,
granite_guardian_3_2_3b_a800m+hhem+qwen30_judge,3,2,0.725073836209216,0.012950308433478339,669.8992729490604,0.0005663957507858697,0.0,,,,,,0.009830702812101601,,,0.0005663957507858697,,,,,0.9896029014371125,,299,False,
factkb+hhem+qwen30_judge,3,2,0.7249972970131283,0.013029149008664078,675.0430706158843,0.0003780718336483932,0.0,,,,0.002274910719935958,,,,,0.0003780718336483932,,,,,0.9973470174464156,,300,False,
granite_guardian_3_1_2b+minicheck_dbta+wecheck,3,0,0.7248446520427498,0.013355956853058565,220.77330241286478,0.0,0.1,,,,,0.8120320733949882,,,,,,0.0,,,,0.1879679266050119,301,False,
factcc+granite_guardian_3_2_3b_a800m+qwen30_judge,3,2,0.7247578161021198,0.01346394987414592,669.7080650647476,0.0,0.0,,0.0,,,,0.010964568373633219,,,,,,,,0.9890354316263668,,302,False,
factcc+factkb+qwen30_judge,3,2,0.7247306980752757,0.013231127809952553,675.1738571220169,0.0,0.0,,0.0,,0.002460375829982163,,,,,,,,,,0.9975396241700178,,303,False,
factcc+granite_guardian_3_1_2b+qwen30_fast,3,0,0.7246271634576629,0.0043144421229448955,221.755241318954,0.22723095863434778,0.1,,0.22723095863434778,,,0.33294505800262686,,,,,,,,0.4398239833630253,,,304,True,66.0
factcc+hhem+qwen30_judge,3,2,0.724570513583916,0.013158559709320379,676.2134335569073,0.0,0.0,,0.0,,,,,,,0.0005671077504725899,,,,,0.9994328922495275,,305,False,
factcc+minicheck_ft5+qwen30_judge,3,2,0.7245659370427948,0.014319102575150452,667.7127931109802,0.0,0.0,,0.0,,,,,,,,,,0.02194885002829469,,0.9780511499717054,,306,False,
factkb+granite_guardian_4_1_3b_factuality_lora+qwen30_judge,3,3,0.7245350141752651,0.012528994750837076,670.1549819738473,0.0011360164605931583,0.0,,,,0.0011360164605931583,,,,0.018187016398171656,,,,,,0.9806769671412352,,307,False,
factkb+granite_guardian_3_2_3b_a800m+qwen30_judge,3,3,0.7242943667454362,0.013782195155224905,666.6933550108658,0.0034034099192138006,0.0,,,,0.0034034099192138006,,0.011535261830885182,,,,,,,,0.985061328249901,,308,False,
factkb+granite_guardian_4_1_3b_factuality_lora+wecheck,3,1,0.7242831381449839,0.013880741036524685,305.77193498139565,0.014354015051034483,0.0,,,,0.014354015051034483,,,,0.22695093923926998,,,,,,,0.7586950457096956,309,False,
granite_guardian_3_1_2b+granite_guardian_3_2_8b_factuality+wecheck,3,0,0.7242157869422833,0.016938223766394728,214.98110999790842,0.0,0.2,,,,,0.8226975025638597,,0.0,,,,,,,,0.17730249743614032,310,False,
factcc+granite_guardian_3_1_2b+wecheck,3,0,0.7240965691497852,0.011540801594786253,245.78063059418554,0.00170133405976216,0.0,,0.00170133405976216,,,0.35712219792437827,,,,,,,,,,0.6411764680158596,311,False,
granite_guardian_4_1_3b_factuality_lora+hhem+qwen30_judge,3,3,0.7240234374668001,0.011466871324998549,671.8804038726599,0.0003780718336483932,0.0,,,,,,,,0.01969646113819054,0.0003780718336483932,,,,,0.9799254670281611,,312,False,
factkb+granite_guardian_3_1_2b+wecheck,3,0,0.7240201622845829,0.010228164084826304,239.9774100105219,0.01627944347486134,0.0,,,,0.01627944347486134,0.35559846046141824,,,,,,,,,,0.6281220960637205,313,False,
factcc+granite_guardian_4_1_3b_factuality_lora+qwen30_judge,3,3,0.7239658872140655,0.012121530112517426,672.0818841379645,0.0001890359168241966,0.0,,0.0001890359168241966,,,,,,0.01591318660899435,,,,,,0.9838977774741814,,314,False,
granite_guardian_3_2_3b_a800m+granite_guardian_4_1_3b_factuality_lora+qwen30_fast,3,1,0.7237642355355037,0.013182854010009765,287.78315507221544,0.010207939508506616,0.4,,,,,,0.2570233775912097,,0.010207939508506616,,,,,0.7327686829002836,,,315,False,
granite_guardian_3_1_2b+hhem+wecheck,3,0,0.7234933065784872,0.016189990532885813,249.85243202640945,0.0007579392227725698,0.0,,,,,0.3558025310549844,,,,0.0007579392227725698,,,,,,0.643439529722243,316,False,
granite_guardian_3_1_2b+minicheck_ft5+wecheck,3,0,0.72338733465749,0.01406472971886383,225.89275350488006,0.02167300380228137,0.2,,,,,0.7800345449039625,,,,,,,0.02167300380228137,,,0.19829245129375622,317,False,
granite_guardian_3_1_2b+hhem+qwen30_fast,3,0,0.7231755915578459,0.00615936231388183,240.9522531350849,0.15510115996999024,0.1,,,,,0.39249472255724804,,,,0.15510115996999024,,,,0.45240411747276166,,,318,True,67.0
granite_guardian_3_2_3b_a800m+minicheck_dbta+qwen30_fast,3,1,0.7230625522717474,0.007670939138091388,287.60725619588186,0.0,0.1,,,,,,0.2005164445787903,,,,,0.0,,0.7994835554212096,,,319,False,
granite_guardian_3_2_3b_a800m+granite_guardian_3_2_8b_factuality+qwen30_fast,3,1,0.7221820492023653,0.009094231336648667,289.63217494950266,0.0,0.2,,,,,,0.1641871931561098,0.0,,,,,,0.8358128068438901,,,320,False,
granite_guardian_3_1_2b+granite_guardian_4_1_3b_factuality_lora+wecheck,3,0,0.7216105248848619,0.015426054989586754,208.3165467066222,0.0,0.2,,,,,0.8800816823759818,,,0.0,,,,,,,0.11991831762401825,321,False,
granite_guardian_4_1_3b_factuality_lora+hhem+wecheck,3,0,0.7216075492098568,0.015811770413680194,267.4787634573216,0.05504058065731857,0.1,,,,,,,,0.05504058065731857,0.10061156360366907,,,,,,0.8443478557390124,322,True,68.0
factkb+granite_guardian_3_2_3b_a800m+qwen30_fast,3,1,0.7215476955633221,0.008230653941488525,297.72367905636037,0.006637480990115069,0.0,,,,0.006637480990115069,,0.06055833061993867,,,,,,,0.9328041883899463,,,323,False,
minicheck_dbta+minicheck_ft5+qwen30_fast,3,1,0.7214846578335168,0.009568256932657617,332.6242174042407,0.010775901387880957,0.0,,,,,,,,,,,0.010775901387880957,0.05242664291650523,0.9367974556956138,,,324,False,
factkb+granite_guardian_3_2_8b_factuality+wecheck,3,1,0.7212588514837908,0.01716697237349256,334.83708157312356,0.12888351934140987,0.1,,,,0.2533702721684536,,,0.12888351934140987,,,,,,,,0.6177462084901365,325,False,
factcc+granite_guardian_4_1_3b_factuality_lora+wecheck,3,1,0.7207955820399479,0.015922702551095815,307.9565843346153,0.0,0.0,,0.0,,,,,,0.23927919874016826,,,,,,,0.7607208012598317,326,False,
factcc+granite_guardian_3_2_3b_a800m+qwen30_fast,3,1,0.7207475160800036,0.007624602265638415,299.37849570589015,0.0,0.0,,0.0,,,,0.06415650078684662,,,,,,,0.9358434992131534,,,327,False,
granite_guardian_3_2_3b_a800m+hhem+qwen30_fast,3,0,0.7203250827944512,0.008108534402049504,265.7381100225331,0.06415936631062528,0.0,,,,,,0.06415936631062528,,,0.1638875406230555,,,,0.7719530930663192,,,328,True,69.0
factcc+minicheck_ft5+qwen30_fast,3,1,0.7202616392906481,0.007599285666568108,298.52612279214907,0.04646358123340032,0.1,,0.08927976389611617,,,,,,,,,,0.04646358123340032,0.8642566548704835,,,329,False,
factkb+minicheck_ft5+wecheck,3,1,0.7201576347841561,0.013078958537267,315.7428000849354,0.022726448336262185,0.0,,,,0.022726448336262185,,,,,,,,0.19922467299831084,,,0.7780488786654269,330,False,
factkb+granite_guardian_3_2_3b_a800m+minicheck_ft5,3,1,0.7196931543627393,0.0246880924275915,278.88961109232474,0.11620242874790192,0.0,,,,0.16246930025426012,,0.11620242874790192,,,,,,0.7213282709978379,,,,331,False,
granite_guardian_3_2_8b_factuality+granite_guardian_4_1_3b_factuality_lora+lettuce_v2,3,1,0.719565321997567,0.010496911085488626,325.8309081907305,0.14793948509170457,0.1,,,,,,,0.14793948509170457,0.1605189423275892,,0.6915415725807063,,,,,,332,False,
granite_guardian_3_1_2b+granite_guardian_3_2_3b_a800m+hhem,3,0,0.7194632465492219,0.017435100076169673,202.45281040410305,0.039917711228380275,0.0,,,,,0.8932675337190041,0.06681475505261564,,,0.039917711228380275,,,,,,,333,False,
factkb+granite_guardian_4_1_3b_factuality_lora+lettuce_v2,3,0,0.7194581899892574,0.013911916275188892,174.93017993736188,0.16449324009885838,0.0,,,,0.16449324009885838,,,,0.20812485091575467,,0.6273819089853869,,,,,,334,True,70.0
factcc+granite_guardian_4_1_3b_factuality_lora+qwen30_fast,3,1,0.7184092334000906,0.010251627285459523,293.4028821355986,0.04112200355741763,0.1,,0.09234590861494849,,,,,,0.04112200355741763,,,,,0.866532087827634,,,335,False,
factkb+minicheck_ft5+qwen30_fast,3,1,0.7175832407360865,0.007656298994577791,312.5061160696075,0.021017932054596893,0.0,,,,0.021017932054596893,,,,,,,,0.07607484971581657,0.9029072182295865,,,336,False,
granite_guardian_4_1_3b_factuality_lora+minicheck_ft5+qwen30_fast,3,1,0.7175354796912858,0.010944218058743417,319.5285516073416,0.01571556230414812,0.1,,,,,,,,0.01571556230414812,,,,0.026474550776490406,0.9578098869193615,,,337,False,
granite_guardian_3_1_2b+granite_guardian_3_2_3b_a800m+minicheck_dbta,3,0,0.7173819039666463,0.016631471885719073,211.64164695284802,0.061325470330290066,0.0,,,,,0.8603987101414887,0.061325470330290066,,,,,0.07827581952822116,,,,,338,True,71.0
granite_guardian_4_1_3b_factuality_lora+minicheck_dbta+qwen30_fast,3,1,0.7173734775235554,0.011226480244775657,318.35459988930705,0.01439470842913664,0.0,,,,,,,,0.03713282373745889,,,0.01439470842913664,,0.9484724678334044,,,339,False,
granite_guardian_3_1_2b+granite_guardian_3_2_3b_a800m+minicheck_ft5,3,0,0.7172625631202542,0.019893376458343038,225.87227376358186,0.06774995992443514,0.0,,,,,0.8238212916777503,0.06774995992443514,,,,,,0.10842874839781458,,,,340,True,72.0
factkb+granite_guardian_3_2_8b_factuality+qwen30_fast,3,1,0.71706490865255,0.010582111094275901,328.6097746052625,0.07360731343473143,0.1,,,,0.11826687068114314,,,0.07360731343473143,,,,,,0.8081258158841255,,,341,False,
factkb+granite_guardian_3_1_2b+qwen30_fast,3,1,0.716703582362506,0.007766530303921245,288.8643940772925,0.012499741064958343,0.0,,,,0.012499741064958343,0.16975657136409233,,,,,,,,0.8177436875709493,,,342,False,
hhem+minicheck_ft5+qwen30_fast,3,1,0.7167001375790277,0.00824334939421818,308.3618984970111,0.03889522025290419,0.1,,,,,,,,,0.09061807801578098,,,0.03889522025290419,0.8704867017313148,,,343,False,
granite_guardian_3_2_8b_factuality+minicheck_ft5+qwen30_fast,3,1,0.7166023310419958,0.01027855905483187,356.96941823021797,0.017787751929884417,0.6,,,,,,,0.048204158790170135,,,,,0.017787751929884417,0.9340080892799456,,,344,False,
granite_guardian_3_1_2b+granite_guardian_3_2_3b_a800m+granite_guardian_4_1_3b_factuality_lora,3,0,0.715783376999909,0.014563234761757408,236.3374285511064,0.04825290783822221,0.0,,,,,0.8664210497052365,0.04825290783822221,,0.08532604245654132,,,,,,,,345,False,
granite_guardian_3_2_8b_factuality+granite_guardian_4_1_3b_factuality_lora+minicheck_dbta,3,1,0.7156776921325984,0.007383459563881477,398.65988560905964,0.02193991502195921,0.4,,,,,,,0.02193991502195921,0.5307749352783155,,,0.4472851496997253,,,,,346,False,
granite_guardian_3_1_2b+granite_guardian_4_1_3b_factuality_lora+minicheck_dbta,3,0,0.7153564820785354,0.01087741137904007,267.28254343437186,0.09808659085710916,0.0,,,,,0.7265435885869806,,,0.17536982055591013,,,0.09808659085710916,,,,,347,True,73.0
factcc+granite_guardian_3_1_2b+granite_guardian_3_2_3b_a800m,3,0,0.7153465050441776,0.017074344588580825,202.2188345092828,0.013613131395710026,0.0,,0.013613131395710026,,,0.9158071526999635,0.07057971590432645,,,,,,,,,,348,False,
granite_guardian_3_2_8b_factuality+granite_guardian_4_1_3b_factuality_lora+qwen30_fast,3,1,0.7153316470196762,0.009310968264958858,332.6139381674034,0.007939508506616257,0.6,,,,,,,0.019848771266540645,0.007939508506616257,,,,,0.972211720226843,,,349,False,
factkb+granite_guardian_4_1_3b_factuality_lora+qwen30_fast,3,1,0.7149906954107462,0.011241522317442895,316.88226501062866,0.012115951617127406,0.0,,,,0.012115951617127406,,,,0.06551587112433019,,,,,0.9223681772585424,,,350,False,
granite_guardian_3_1_2b+hhem+minicheck_ft5,3,0,0.7148106388901443,0.02129642782925639,204.45418247681354,0.03757115749525617,0.1,,,,,0.8504691079075455,,,,0.1119597345971983,,,0.03757115749525617,,,,351,False,
factcc+granite_guardian_3_2_8b_factuality+qwen30_fast,3,1,0.7147475201786152,0.008577805985030664,292.9412565736155,0.007954293144074625,0.2,,0.08384791191875994,,,,,0.007954293144074625,,,,,,0.9081977949371653,,,352,False,
granite_guardian_3_1_2b+minicheck_dbta+minicheck_ft5,3,0,0.7146199908214392,0.013794906217745687,233.2776818763079,0.04887665264636409,0.0,,,,,0.8290641730596725,,,,,,0.04887665264636409,0.12205917429396332,,,,353,False,
granite_guardian_3_1_2b+granite_guardian_4_1_3b_factuality_lora+hhem,3,0,0.7140410099498855,0.01453701376281306,255.33727612554767,0.07849127092572057,0.0,,,,,0.7489717624027279,,,0.1725369666715515,0.07849127092572057,,,,,,,354,True,74.0
hhem+minicheck_dbta+qwen30_fast,3,1,0.7139574814814694,0.009597028765503494,289.2237047339724,0.009262759924385633,0.1,,,,,,,,,0.1379938181249939,,0.009262759924385633,,0.8527434219506205,,,355,False,
factkb+minicheck_dbta+minicheck_ft5,3,1,0.7136717728387091,0.0147913871344766,305.36308169369016,0.16859110467448207,0.0,,,,0.2120756503805544,,,,,,,0.16859110467448207,0.6193332449449634,,,,356,False,
granite_guardian_4_1_3b_factuality_lora+hhem+qwen30_fast,3,1,0.7134565395778959,0.009618848076218833,282.1887578738541,0.011929777286536266,0.1,,,,,,,,0.011929777286536266,0.16634337848437034,,,,0.8217268442290934,,,357,False,
granite_guardian_3_2_8b_factuality+minicheck_dbta+qwen30_fast,3,2,0.7134434054084772,0.00696974927821266,315.30384245526386,0.0,0.4,,,,,,,0.0,,,,0.004176024229374254,,0.9958239757706258,,,358,False,
factcc+granite_guardian_3_1_2b+hhem,3,0,0.7134244217905314,0.015973481180647942,200.61562047508068,0.014933184875318958,0.0,,0.014933184875318958,,,0.9491156751114499,,,,0.03595114001323121,,,,,,,359,False,
granite_guardian_3_1_2b+hhem+minicheck_dbta,3,0,0.7133753778297279,0.012767824282920953,205.49039973728094,0.043965520373095146,0.0,,,,,0.8671888210307817,,,,0.043965520373095146,,0.08884565859612314,,,,,360,False,
factkb+granite_guardian_3_1_2b+granite_guardian_3_2_3b_a800m,3,0,0.7131916124983243,0.018997165116914645,195.9702218775187,0.05278795282394975,0.0,,,,0.05278795282394975,0.8876072364179317,0.05960481075811859,,,,,,,,,,361,True,75.0
granite_guardian_4_1_3b_factuality_lora+minicheck_dbta+minicheck_ft5,3,2,0.7129740713924411,0.010428279211719672,399.6946068696338,0.09347232551527458,0.4,,,,,,,,0.4862499727379868,,,0.4202777017467386,0.09347232551527458,,,,362,False,
granite_guardian_3_2_8b_factuality+hhem+qwen30_fast,3,1,0.7128875883568083,0.006823656974548636,293.3138315486365,0.018839538731475824,0.2,,,,,,,0.018839538731475824,,0.18378383351503835,,,,0.7973766277534858,,,363,False,
granite_guardian_3_1_2b+granite_guardian_3_2_3b_a800m+granite_guardian_3_2_8b_factuality,3,0,0.7128388209559731,0.01677739241619426,207.76806808031705,0.0,0.2,,,,,0.9394708714987555,0.06052912850124455,0.0,,,,,,,,,364,False,
factcc+minicheck_dbta+qwen30_fast,3,0,0.7128088113236429,0.011032318965108638,274.7538063574806,0.011746770785880057,0.1,,0.13162502933238068,,,,,,,,,0.011746770785880057,,0.8566281998817391,,,365,False,
granite_guardian_3_2_3b_a800m+lettuce_v2+minicheck_ft5,3,0,0.7126555390483083,0.030701892782985192,188.9829700605683,0.10820113349296519,0.0,,,,,,0.10820113349296519,,,,0.6496984575991616,,0.24210040890787324,,,,366,True,76.0
factkb+minicheck_dbta+qwen30_fast,3,1,0.7125665527394792,0.010399437147049082,296.904347912342,0.024622523806171488,0.0,,,,0.024622523806171488,,,,,,,0.033110573875572286,,0.9422669023182563,,,367,False,
factcc+factkb+qwen30_fast,3,1,0.7122327342284477,0.007760467061954394,299.6449889472656,0.0017034795546515054,0.0,,0.0017034795546515054,,0.02822030342531871,,,,,,,,,0.9700762170200298,,,368,False,
factkb+granite_guardian_3_1_2b+granite_guardian_4_1_3b_factuality_lora,3,0,0.7119739643756926,0.011163604897670862,264.98752369598617,0.04426870267435269,0.0,,,,0.04426870267435269,0.7349613370915249,,,0.2207699602341225,,,,,,,,369,False,
factcc+hhem+qwen30_fast,3,0,0.7118781142900974,0.007559038048425123,243.91423769850184,0.09950260157336213,0.0,,0.1798473671465071,,,,,,,0.09950260157336213,,,,0.7206500312801307,,,370,True,77.0
factkb+lettuce_v2+minicheck_ft5,3,0,0.7117799657079387,0.02431303664570487,161.94854022275263,0.19063515880740828,0.0,,,,0.19063515880740828,,,,,,0.6162205665586239,,0.19314427463396783,,,,371,True,78.0
granite_guardian_3_2_8b_factuality+granite_guardian_4_1_3b_factuality_lora+minicheck_ft5,3,3,0.7114850443998219,0.01690933175014089,451.35061233015256,0.011954459203036052,0.6,,,,,,,0.011954459203036052,0.6843933710922399,,,,0.3036521697047242,,,,372,False,
factcc+granite_guardian_3_1_2b+minicheck_dbta,3,0,0.7113531533372827,0.01379864857359368,199.15538057182957,0.04251122240678572,0.0,,0.04251122240678572,,,0.8459653740790717,,,,,,0.11152340351414267,,,,,373,False,
granite_guardian_3_1_2b+granite_guardian_4_1_3b_factuality_lora+minicheck_ft5,3,0,0.7110822654758125,0.013591112598589037,261.22083909994967,0.10800964047575819,0.0,,,,,0.7500126379944392,,,0.10800964047575819,,,,0.14197772152980254,,,,374,True,79.0
factcc+granite_guardian_3_1_2b+minicheck_ft5,3,0,0.7108165862128498,0.016847314273723654,210.52643735920742,0.10564529247570364,0.1,,0.10564529247570364,,,0.7802997398109489,,,,,,,0.11405496771334742,,,,375,True,80.0
factcc+granite_guardian_3_1_2b+granite_guardian_4_1_3b_factuality_lora,3,0,0.7103254948440136,0.013865416779096928,246.50152104913008,0.04618722473692083,0.0,,0.04618722473692083,,,0.814496522072667,,,0.13931625319041216,,,,,,,,376,False,
granite_guardian_3_2_3b_a800m+minicheck_dbta+minicheck_ft5,3,2,0.7100344250985193,0.021925484022763845,347.0785072377574,0.13550141950665445,0.0,,,,,,0.13550141950665445,,,,,0.16367107041837667,0.7008275100749689,,,,377,False,
factkb+granite_guardian_3_1_2b+minicheck_ft5,3,0,0.7097282655567136,0.01590634868825688,240.24946248723336,0.04713330666625557,0.0,,,,0.04713330666625557,0.6232320351240276,,,,,,,0.3296346582097169,,,,378,False,
granite_guardian_3_1_2b+granite_guardian_3_2_8b_factuality+hhem,3,0,0.7097088586852713,0.018769371778739535,192.18690863233869,0.0,0.2,,,,,0.8372767211942918,,0.0,,0.16272327880570825,,,,,,,379,False,
granite_guardian_4_1_3b_factuality_lora+lettuce_v2+minicheck_ft5,3,0,0.7094672940082123,0.027268003980214336,251.52224064183656,0.1558332287513641,0.0,,,,,,,,0.1558332287513641,,0.5840495170321374,,0.26011725421649856,,,,380,True,81.0
granite_guardian_3_2_3b_a800m+granite_guardian_4_1_3b_factuality_lora+minicheck_dbta,3,2,0.7092220249226602,0.006326400580037613,393.1850443957127,0.12092017206162309,0.0,,,,,,0.12092017206162309,,0.6058678956182977,,,0.27321193232007923,,,,,381,False,
factkb+hhem+minicheck_ft5,3,1,0.7092132483985267,0.021484908980366542,293.64849059486795,0.05979497114730174,0.0,,,,0.22400361574498695,,,,,0.05979497114730174,,,0.7162014131077112,,,,382,False,
factcc+factkb+minicheck_ft5,3,1,0.7087753278481719,0.022450126836238565,303.7682023267441,0.012117412287302383,0.0,,0.012117412287302383,,0.224006788128913,,,,,,,,0.7638757995837846,,,,383,False,
granite_guardian_3_2_3b_a800m+hhem+minicheck_ft5,3,2,0.7084870018644398,0.024036274880130264,336.4326940189591,0.056372210007332856,0.0,,,,,,0.12298374859528405,,,0.056372210007332856,,,0.8206440413973832,,,,384,False,
factcc+granite_guardian_3_1_2b+granite_guardian_3_2_8b_factuality,3,0,0.7084754400142199,0.017901820808734075,191.4102285153245,0.0003795066413662239,0.2,,0.1008329377221792,,,0.8987875556364546,,0.0003795066413662239,,,,,,,,,385,False,
granite_guardian_3_1_2b+granite_guardian_3_2_8b_factuality+minicheck_ft5,3,0,0.7082883932822411,0.017374059613206122,211.46960868874854,0.0,0.2,,,,,0.9924144575353573,,0.0,,,,,0.007585542464642684,,,,386,False,
factkb+hhem+qwen30_fast,3,1,0.7080540460209164,0.007275944984434654,296.81284028203913,0.024433482485175094,0.0,,,,0.024433482485175094,,,,,0.025349960048433144,,,,0.9502165574663917,,,387,False,
factkb+granite_guardian_4_1_3b_factuality_lora+minicheck_ft5,3,2,0.7079827387320193,0.01779989754574465,356.8948563427374,0.137244992923045,0.0,,,,0.137244992923045,,,,0.36921447212551267,,,,0.4935405349514423,,,,388,False,
granite_guardian_3_2_8b_factuality+minicheck_dbta+minicheck_ft5,3,3,0.7078237284068132,0.015879187489204666,507.0076852111459,0.03214855031763596,0.4,,,,,,,0.03214855031763596,,,,0.3751088409558906,0.5927426087264733,,,,389,False,
factcc+lettuce_v2+minicheck_dbta,3,0,0.707479595135258,0.01149959105543045,68.68571164667853,0.0,0.6,,0.3166089805433339,,,,,,,,0.6833910194566661,0.0,,,,,390,False,
granite_guardian_3_1_2b+granite_guardian_3_2_8b_factuality+granite_guardian_4_1_3b_factuality_lora,3,0,0.7068933050022179,0.016465567039463093,211.24946944083268,0.0,0.4,,,,,1.0,,0.0,0.0,,,,,,,,391,False,
factkb+granite_guardian_4_1_3b_factuality_lora+minicheck_dbta,3,3,0.706870276688375,0.007894595784368075,336.7060928814408,0.17222450359711036,0.0,,,,0.17222450359711036,,,,0.5197390708925174,,,0.30803642551037214,,,,,392,False,
factcc+granite_guardian_3_2_3b_a800m+minicheck_ft5,3,3,0.7066714479539993,0.025589283435630446,319.81044566684534,0.014939247024742868,0.0,,0.014939247024742868,,,,0.14756871442825514,,,,,,0.8374920385470019,,,,393,False,
factkb+granite_guardian_3_1_2b+hhem,3,0,0.7066546140812143,0.01855349728211443,188.3474352072214,0.03557341811899638,0.0,,,,0.07643659240010689,0.8879899894808967,,,,0.03557341811899638,,,,,,,394,False,
granite_guardian_3_1_2b+granite_guardian_3_2_8b_factuality+minicheck_dbta,3,1,0.7058976238445578,0.016398458893660494,210.46338239299888,0.0,0.1,,,,,0.9839328113714799,,0.0,,,,0.01606718862851999,,,,,395,False,
factkb+granite_guardian_3_1_2b+minicheck_dbta,3,0,0.7052037168065165,0.014172602904240245,186.4932308489007,0.08496479739787888,0.0,,,,0.08496479739787888,0.7754247549474503,,,,,,0.13961044765467084,,,,,396,True,82.0
factcc+factkb+granite_guardian_3_1_2b,3,0,0.7049957395373292,0.017694170786511122,191.74941589942864,0.003780011740969407,0.0,,0.003780011740969407,,0.0758716070612083,0.9203483811978221,,,,,,,,,,,397,False,
factcc+hhem+lettuce_v2,3,0,0.7043287439042801,0.015220199962457995,69.35588978398337,0.0013196914193357755,0.1,,0.26718949412633625,,,,,,,0.0013196914193357755,0.7314908144543282,,,,,,398,False,
granite_guardian_4_1_3b_factuality_lora+hhem+minicheck_dbta,3,3,0.7040558778455646,0.009887728427260382,408.50872066283785,0.04240538800905592,0.0,,,,,,,,0.7105085090967054,0.04240538800905592,,0.24708610289423874,,,,,399,False,
granite_guardian_3_2_3b_a800m+granite_guardian_3_2_8b_factuality+minicheck_ft5,3,4,0.7027802418660356,0.03204519145555047,485.0112316980473,0.21658560331831858,0.1,,,,,,0.27126737669564394,0.21658560331831858,,,,,0.5121470199860376,,,,400,False,
granite_guardian_3_2_3b_a800m+lettuce_v2+minicheck_dbta,3,0,0.7025893076929906,0.02747320850480507,162.98535541265366,0.021952939288852828,0.0,,,,,,0.2929866434957729,,,,0.6850604172153744,0.021952939288852828,,,,,401,False,
factkb+granite_guardian_3_2_3b_a800m+lettuce_v2,3,0,0.7021301968661563,0.01677840350760216,82.67666447957842,0.06537093774881833,0.0,,,,0.2989063336918394,,0.06537093774881833,,,,0.6357227285593423,,,,,,402,True,83.0
granite_guardian_3_2_3b_a800m+granite_guardian_4_1_3b_factuality_lora+hhem,3,4,0.7020234886732123,0.01081753643606526,440.3499921441189,0.06945062552611089,0.0,,,,,,0.11294396972923178,,0.8176054047446574,0.06945062552611089,,,,,,,403,False,
lettuce_v2+minicheck_dbta+minicheck_ft5,3,3,0.7018327746514522,0.030441743976295618,332.28232980057305,0.023057861281774606,0.0,,,,,,,,,,0.6043076329376803,0.023057861281774606,0.3726345057805452,,,,404,False,
granite_guardian_3_2_3b_a800m+granite_guardian_4_1_3b_factuality_lora+minicheck_ft5,3,3,0.7016235539463513,0.02050530825727013,374.0585897325824,0.09116889722652692,0.0,,,,,,0.09116889722652692,,0.3629283184747133,,,,0.5459027842987598,,,,405,False,
hhem+minicheck_dbta+minicheck_ft5,3,4,0.7007566830784088,0.01729963650920808,480.07273227487246,0.03389292968771267,0.0,,,,,,,,,0.03389292968771267,,0.15855021229852664,0.8075568580137606,,,,406,False,
granite_guardian_3_2_3b_a800m+granite_guardian_3_2_8b_factuality+granite_guardian_4_1_3b_factuality_lora,3,6,0.7006869413937484,0.01488837732147219,791.6222776146955,0.13178707422419086,0.0,,,,,,0.13178707422419086,0.5009868307708363,0.36722609500497283,,,,,,,,407,False,
hhem+lettuce_v2+minicheck_ft5,3,2,0.7005478782301395,0.029312857530786027,283.0411196607902,0.026098932456282566,0.0,,,,,,,,,0.026098932456282566,0.6048564905482186,,0.3690445769954988,,,,408,False,
granite_guardian_3_2_3b_a800m+hhem+lettuce_v2,3,0,0.6997525852647662,0.023108742048123715,133.53289984013858,0.048445015776508414,0.0,,,,,,0.3160448620706421,,,0.048445015776508414,0.6355101221528494,,,,,,409,False,
factkb+granite_guardian_4_1_3b_factuality_lora+hhem,3,3,0.6990871199748903,0.014832072329199024,380.6019500775002,0.08875254959196158,0.0,,,,0.18283276395472095,,,,0.7284146864533175,0.08875254959196158,,,,,,,410,False,
factcc+granite_guardian_4_1_3b_factuality_lora+minicheck_dbta,3,3,0.698749081000412,0.009151639382624715,407.65270598934603,0.0013268574287223233,0.0,,0.0013268574287223233,,,,,,0.7038850358942956,,,0.2947881066769821,,,,,411,False,
factkb+granite_guardian_3_2_3b_a800m+granite_guardian_4_1_3b_factuality_lora,3,3,0.6987137010954121,0.015731959194509103,386.66243005867216,0.12563752305273418,0.0,,,,0.17736780526335108,,0.12563752305273418,,0.6969946716839146,,,,,,,,412,False,
factcc+minicheck_dbta+minicheck_ft5,3,4,0.698518904857475,0.017099660771101824,439.5570478842998,0.01967490103910634,0.0,,0.01967490103910634,,,,,,,,,0.1746650122042124,0.8056600867566812,,,,413,False,
granite_guardian_4_1_3b_factuality_lora+hhem+minicheck_ft5,3,4,0.6974726702841132,0.020535741014110653,414.5891994159632,0.05090167011860054,0.0,,,,,,,,0.38589817325407466,0.05090167011860054,,,0.5632001566273248,,,,414,False,
factcc+granite_guardian_3_2_3b_a800m+granite_guardian_4_1_3b_factuality_lora,3,4,0.696766833881105,0.015855805626292522,444.49997568837836,0.020246299779357622,0.0,,0.020246299779357622,,,,0.15474862225663544,,0.825005077964007,,,,,,,,415,False,
factcc+granite_guardian_3_2_8b_factuality+minicheck_ft5,3,3,0.6960531399013928,0.007405947239210094,331.90947019301905,0.08515800952361438,0.1,,0.36554796981125504,,,,,0.08515800952361438,,,,,0.5492940206651304,,,,416,False,
factkb+granite_guardian_3_2_3b_a800m+minicheck_dbta,3,0,0.6952672600106495,0.01824617546968883,128.36978627238946,0.13514096556332128,0.0,,,,0.49263855027868403,,0.13514096556332128,,,,,0.3722204841579947,,,,,417,True,84.0
factcc+hhem+minicheck_ft5,3,4,0.6951954195825235,0.018021210491993955,428.46604178741444,0.016469521026612238,0.0,,0.016469521026612238,,,,,,,0.07247186962375175,,,0.911058609349636,,,,418,False,
factcc+granite_guardian_4_1_3b_factuality_lora+hhem,3,4,0.6948013689008496,0.009559897735302265,456.03947241695795,0.005104007583458674,0.0,,0.005104007583458674,,,,,,0.8985887396923754,0.09630725272416593,,,,,,,419,False,
granite_guardian_3_2_3b_a800m+granite_guardian_3_2_8b_factuality+lettuce_v2,3,1,0.6946802029239938,0.014890779260938848,264.87096918049394,0.10242931733318983,0.1,,,,,,0.10242931733318983,0.14927319829205846,,,0.7482974843747517,,,,,,420,False,
factcc+granite_guardian_4_1_3b_factuality_lora+minicheck_ft5,3,4,0.6925365299876316,0.02203838846926355,414.89367015195705,0.013252335696277293,0.0,,0.013252335696277293,,,,,,0.3959223238538884,,,,0.5908253404498343,,,,421,False,
granite_guardian_3_2_8b_factuality+lettuce_v2+minicheck_ft5,3,2,0.6907775464365875,0.01691787729019065,294.94488851360563,0.0782025366569945,0.1,,,,,,,0.0782025366569945,,,0.8110215348032689,,0.11077592853973658,,,,422,False,
granite_guardian_3_2_8b_factuality+lettuce_v2+minicheck_dbta,3,2,0.6902093734528797,0.00929639065148805,296.800602755244,0.01569112409809153,0.1,,,,,,,0.1286868041883631,,,0.8556220717135454,0.01569112409809153,,,,,423,False,
factkb+granite_guardian_3_2_8b_factuality+lettuce_v2,3,0,0.689138485508512,0.016367378798826545,138.52577225196134,0.06966635816916299,0.1,,,,0.30652393303170683,,,0.06966635816916299,,,0.6238097087991303,,,,,,424,True,85.0
granite_guardian_3_2_8b_factuality+granite_guardian_4_1_3b_factuality_lora+hhem,3,7,0.6890708623642402,0.013981850290811412,879.9997596034484,0.12496585339444459,0.0,,,,,,,0.6367287012355807,0.23830544536997475,0.12496585339444459,,,,,,,425,False,
factcc+granite_guardian_3_2_8b_factuality+granite_guardian_4_1_3b_factuality_lora,3,7,0.688516100301674,0.013418852279013285,919.1846512065243,0.083053695456374,0.0,,0.083053695456374,,,,,0.6787483553954274,0.23819794914819853,,,,,,,,426,False,
factkb+granite_guardian_3_1_2b+granite_guardian_3_2_8b_factuality,3,2,0.6882681890741912,0.016497174621737096,300.8571560287479,0.12751137269195995,0.1,,,,0.1753299734919788,0.6971586538160613,,0.12751137269195995,,,,,,,,,427,False,
granite_guardian_3_2_8b_factuality+hhem+minicheck_ft5,3,6,0.6880245221970224,0.017191873625675553,685.8767062051108,0.24391250475292736,0.1,,,,,,,0.3878228467659026,,0.24391250475292736,,,0.3682646484811699,,,,428,False,
factkb+granite_guardian_3_2_8b_factuality+granite_guardian_4_1_3b_factuality_lora,3,7,0.6876138294844993,0.020347155791953744,1026.0563113791063,0.008502360471485112,0.0,,,,0.008502360471485112,,,0.8001517240903111,0.19134591543820392,,,,,,,,429,False,
factkb+hhem+minicheck_dbta,3,0,0.6853396237315789,0.01848105977276659,113.14621778248139,0.05981087323220894,0.0,,,,0.5647436606411939,,,,,0.05981087323220894,,0.3754454661265972,,,,,430,True,86.0
factkb+lettuce_v2+minicheck_dbta,3,0,0.6848722155899496,0.013063128849466615,68.32166192905541,0.01492592353905752,0.4,,,,0.4055856944864723,,,,,,0.5794883819744702,0.01492592353905752,,,,,431,False,
factcc+factkb+granite_guardian_4_1_3b_factuality_lora,3,3,0.6838500005732808,0.012967325705546096,376.15103937552874,0.049166983767065374,0.0,,0.049166983767065374,,0.22278017529729052,,,,0.728052840935644,,,,,,,,432,False,
factkb+hhem+lettuce_v2,3,0,0.6831337962935722,0.01312241260064238,68.15735221655476,0.019088253403449874,0.0,,,,0.3903016950324868,,,,,0.019088253403449874,0.5906100515640633,,,,,,433,False,
factcc+factkb+lettuce_v2,3,0,0.6824106327406396,0.014505744319316907,67.41189397984317,0.004361470347762088,0.0,,0.004361470347762088,,0.3843043217553996,,,,,,0.6113342078968382,,,,,,434,False,
granite_guardian_3_2_8b_factuality+hhem+lettuce_v2,3,4,0.6821040464122486,0.02026662440527402,446.6027598004097,0.07004053127528245,0.0,,,,,,,0.2940028976224553,,0.07004053127528245,0.6359565711022621,,,,,,435,False,
factcc+factkb+minicheck_dbta,3,0,0.6808199418617715,0.015893604405548312,118.89953797226053,0.010983535763315,0.0,,0.010983535763315,,0.5552738362118459,,,,,,,0.43374262802483915,,,,,436,False,
granite_guardian_3_2_3b_a800m+granite_guardian_3_2_8b_factuality+minicheck_dbta,3,7,0.6804332572110671,0.016866916936628482,927.8148916913073,0.0979570833263983,0.0,,,,,,0.1566264160335909,0.745416500640011,,,,0.0979570833263983,,,,,437,False,
granite_guardian_3_2_3b_a800m+hhem+minicheck_dbta,3,1,0.6798874406333123,0.025619428865898478,220.12758916433114,0.05145192470765134,0.0,,,,,,0.48541479724031167,,,0.05145192470765134,,0.4631332780520371,,,,,438,False,
factcc+granite_guardian_3_2_3b_a800m+granite_guardian_3_2_8b_factuality,3,7,0.6792222658632691,0.017527787652193795,930.8733427035353,0.11190112814899145,0.0,,0.11190112814899145,,,,0.11492347232187645,0.7731753995291321,,,,,,,,,439,False,
factcc+granite_guardian_3_2_3b_a800m+minicheck_dbta,3,1,0.6771599794984151,0.026428128300547735,216.1251402434239,0.031036828775480536,0.0,,0.031036828775480536,,,,0.4901589109468569,,,,,0.4788042602776626,,,,,440,False,
granite_guardian_3_2_3b_a800m+granite_guardian_3_2_8b_factuality+hhem,3,7,0.676630933368284,0.01979406295302951,1101.9114211517594,0.02650677496658157,0.0,,,,,,0.045419878107648345,0.92807334692577,,0.02650677496658157,,,,,,,441,False,
factkb+granite_guardian_3_2_3b_a800m+granite_guardian_3_2_8b_factuality,3,7,0.6757518901968567,0.01723799692171064,1063.4452023785902,0.02515373388050321,0.0,,,,0.02515373388050321,,0.054691602221926726,0.9201546638975702,,,,,,,,,442,False,
factkb+granite_guardian_3_2_8b_factuality+minicheck_ft5,3,7,0.6756083582681844,0.015429352776670421,869.2316303006206,0.14368133159495572,0.0,,,,0.14368133159495572,,,0.6527839480138563,,,,,0.20353472039118808,,,,443,False,
factcc+granite_guardian_3_2_8b_factuality+minicheck_dbta,3,8,0.6733878473709569,0.015875658462086634,786.5018568435519,0.14201421773727793,0.0,,0.23396594505498416,,,,,0.6240198372077378,,,,0.14201421773727793,,,,,444,False,
granite_guardian_3_2_8b_factuality+hhem+minicheck_dbta,3,8,0.6713807382291223,0.015957034505683705,1152.7540053018042,0.017234997968985078,0.0,,,,,,,0.941508017731364,,0.017234997968985078,,0.04125698429965091,,,,,445,False,
factkb+granite_guardian_3_2_8b_factuality+minicheck_dbta,3,8,0.6713626393847256,0.015637156819831566,1123.6156006551623,0.015883078422012517,0.0,,,,0.015883078422012517,,,0.9237707329524835,,,,0.060346188625504005,,,,,446,False,
factcc+granite_guardian_3_2_8b_factuality+hhem,3,8,0.6695891207684527,0.01447802871496745,972.3387395486541,0.10564971751412429,0.0,,0.10564971751412429,,,,,0.7881846509650323,,0.10616563152084338,,,,,,,447,False,
factkb+granite_guardian_3_2_8b_factuality+hhem,3,8,0.6687889473328308,0.015579092332477238,758.058544252562,0.1223604149909641,0.0,,,,0.2645561471392668,,,0.6130834378697692,,0.1223604149909641,,,,,,,448,False,
factcc+factkb+granite_guardian_3_2_8b_factuality,3,8,0.6670969354559778,0.017275170685517222,1149.2656613846273,0.003026370224662929,0.0,,0.003026370224662929,,0.02931505322248682,,,0.9676585765528503,,,,,,,,,449,False,
factkb+granite_guardian_3_2_3b_a800m+hhem,3,0,0.6622028447515479,0.027232234488203454,103.61620892752767,0.19004535329998018,0.0,,,,0.5987915770083838,,0.211163069691636,,,0.19004535329998018,,,,,,,450,True,87.0
factcc+hhem+minicheck_dbta,3,0,0.661319589704051,0.014220232634324823,154.70982250040362,0.18517348436941114,0.0,,0.3125611193256699,,,,,,,0.18517348436941114,,0.502265396304919,,,,,451,True,88.0
factcc+factkb+hhem,3,0,0.653488798879636,0.021595506881395075,63.26209393112724,0.013063288816997328,0.0,,0.013063288816997328,,0.6900145189093799,,,,,0.29692219227362276,,,,,,,452,False,
factcc+granite_guardian_3_2_3b_a800m+hhem,3,0,0.6532054252058554,0.022408558787022942,146.16043717752342,0.21632498450073206,0.0,,0.3313903094449647,,,,0.45228470605430326,,,0.21632498450073206,,,,,,,453,True,89.0
factcc+factkb+granite_guardian_3_2_3b_a800m,3,0,0.6463071560537299,0.027971414659895638,124.64662037801952,0.018354145055639873,0.0,,0.018354145055639873,,0.6277778262072772,,0.3538680287370829,,,,,,,,,,454,False,
hhem+lettuce_v2+minicheck_dbta,3,0,0.6431649260043493,0.011696445351600996,145.7121187368876,0.10730145213541771,0.0,,,,,,,,,0.1447449965101799,0.7479535513544026,0.10730145213541771,,,,,455,True,90.0
