arm,auroc,auroc_sd,d_auroc_vs_ours,ece,d_ece_vs_ours,brier,aurc,bacc,mcc,ms,d_ms_vs_ours,p95_ms,ms_deterministic,mean_calls,auprc_unsup,n,acc,f1_macro,f1_unsup,prec_unsup,rec_unsup,mce,p50_ms,p99_ms,qps,selerr@0.5,selerr@0.6,selerr@0.7,selerr@0.8,selerr@0.9,selerr@1.0
no_stage2,0.8260844630241767,0.0024761465793966997,0.003528363114613242,0.1139319679092127,0.07510603846123526,0.18544590115409737,0.1492697744046624,0.7382536646302188,0.4998951075442394,106.14368718536755,-0.003830924941823355,225.15836184352028,86.48530879464086,1.0,0.8561822572298468,3236.0,0.7345797280593326,0.7289724341739763,0.7155355027166499,0.8275125170414549,0.6545293072824157,0.3953090978628432,69.25253879776082,757.6278737745713,9.423011600448756,0.13831891223733006,0.1744078269824923,0.21355408388520974,0.24522981846272693,0.2714972527472527,0.26542027194066753
drop_feature::year_count,0.823591393108685,0.004299949354190277,0.0010352931991215453,0.03794385637500315,-0.0008820730729742904,0.16791371822366105,0.1396489373252805,0.74664877838005,0.5125913696373454,106.68405867608968,0.5365405657802995,225.30183142874847,87.0247941563162,1.0,0.8370613262991651,3236.0,0.7411619283065514,0.7373033455423869,0.7122344735528695,0.8513696978469001,0.621610420367081,0.5055049927221915,70.36869209326797,780.0860953689147,9.373985658341027,0.14184177997527814,0.1487126673532441,0.17540838852097132,0.21286210892236382,0.23506181318681324,0.2588380716934487
OURS,0.8225560999095635,0.004736921283365409,0.0,0.03882592944797744,0.0,0.16854769793906116,0.1403927106590189,0.7415322461817081,0.5061348781191277,106.14751811030938,0.0,225.1621927684621,86.48530879464086,1.0,0.8352164160298908,3236.0,0.7364647713226204,0.7314646522040189,0.7088808804139185,0.8463158394195794,0.6260509177027828,0.45964126660712923,69.25636972270264,757.6317046995131,9.422673725185884,0.1433868974042027,0.14752832131822863,0.1759823399558499,0.21151023561220547,0.23389423076923074,0.26353522867737944
drop_feature::conflicting_value_rate,0.822454258380494,0.00405187700694693,-0.00010184152906944632,0.03810575373826627,-0.0007201757097111752,0.16831448494490608,0.13977558319661254,0.7447931843867482,0.5085868962164695,106.340913940834,0.19339583052462217,225.15393664648045,86.68044982155146,1.0,0.8350128455262039,3236.0,0.7399567367119901,0.7360077141432563,0.7151050773706012,0.8414995334218689,0.6345766725873297,0.3829438986371467,69.4576617431686,758.1119274180927,9.4053728150881,0.14307787391841778,0.14922760041194644,0.17434878587196467,0.21174198532251834,0.23255494505494506,0.2600432632880099
drop_feature::entity_coverage,0.8220289236066062,0.00323156697527707,-0.0005271763029572885,0.039740166870066956,0.0009142374220895144,0.1690703756060113,0.14129484458659108,0.7415259504539622,0.505631653438763,106.95299290715846,0.805474796849083,224.6259152819685,87.29068418673329,1.0,0.8347202873096704,3236.0,0.7365574783683561,0.7316298951377112,0.7096520108348976,0.8440804974520313,0.6283007696862047,0.5072490775089716,72.4192799428702,737.7254383819246,9.351124418256232,0.14357231149567368,0.1515447991761071,0.1772185430463576,0.21212823483970644,0.23461538461538461,0.26344252163164406
drop_feature::entity_value_colocation,0.8217475294530983,0.005523735205422592,-0.0008085704564652074,0.039335966105959894,0.0005100366579824517,0.16920152152557633,0.14064357166915614,0.7422694969503035,0.507809030289454,105.26516485073864,-0.8823532595707348,224.13177831119955,85.60493292678994,1.0,0.835183054995302,3236.0,0.7363720642768852,0.7315012951551394,0.7033746171276363,0.8569629758841402,0.6078744819419775,0.4442719389266312,67.60242119132876,748.917453286775,9.504287321646501,0.1414091470951792,0.15030895983522144,0.17726269315673288,0.21730397837002702,0.23894230769230768,0.26362793572311494
target::brier,0.8178968021147522,0.007128129873847905,-0.0046592977948112235,0.04612870986757032,0.007302780419592876,0.1705344886455238,0.1440916203731642,0.736383508178514,0.5063233532574614,109.44435163948204,3.296833529172659,220.68045351392294,89.78387544875534,1.0,0.8311220619657762,3236.0,0.7282138442521632,0.7209914435555443,0.6774442736966243,0.8892079668710098,0.5502072232089994,0.4278649838563947,74.07640294899404,784.3950350971861,9.300919054632626,0.14085290482076637,0.1513903192584964,0.19403973509933775,0.2302819621475473,0.25212912087912087,0.2717861557478368
target::prob_quality,0.8143100169429707,0.004991271931793008,-0.008246082966592794,0.042897009546584694,0.004071080098607252,0.1723187200553376,0.15024937423383214,0.7331781790459044,0.4999031430457168,110.97627696474024,4.828758854430859,225.1260474539384,91.31596535815972,1.0,0.8289276659283527,3236.0,0.7254635352286775,0.7181220862683626,0.6770488978381358,0.8807679703286302,0.5573712255772647,0.3626170711023294,81.86173548170413,755.7880900361281,9.120712566821647,0.15556242274412854,0.1570030895983522,0.19037527593818981,0.22607184241019698,0.24941620879120885,0.27453646477132265
target::pairwise_rank,0.8116049972386824,0.004532732591558888,-0.010951102670881063,0.04042703823979018,0.0016011087918127373,0.1736698680753424,0.1487317026072925,0.7299609664879751,0.4654757919500745,101.19045357413978,-4.957064536169597,229.75925641649664,81.53181073149494,1.0,0.8236135170713327,3236.0,0.7318912237330036,0.7291804466034395,0.7504954763661073,0.7325719588397938,0.7739490822972173,0.34556128198542774,61.11825673315758,751.2420553505824,9.885382979794283,0.15828182941903585,0.16364572605561278,0.18269315673289183,0.2061413673232908,0.22809065934065936,0.26810877626699625
no_cost,0.809040550227469,0.003962987674177098,-0.013515549682094452,0.05799349087221635,0.019167561424238908,0.17391519417632212,0.15696656059992978,0.7480385841999049,0.5170720163311702,142.74088018794527,36.59336207763589,250.4656731661832,123.0827075392764,1.0,0.8301358539129549,3236.0,0.7419035846724351,0.7378496350872671,0.7092416235870702,0.8621540796917353,0.6082297217288337,0.4240532076060869,126.98104612842296,692.7038077622301,7.005901241997509,0.1931396786155748,0.18336766220391348,0.18653421633554085,0.21154886056392427,0.23526785714285717,0.2580964153275649
drop_feature::bm25_mean3,0.8076672587329782,0.007117307022445218,-0.014888841176585288,0.056335179447773255,0.017509249999795813,0.17401881160793384,0.1605447948678659,0.7466420616613909,0.5115849535020429,139.61738783012694,33.46986971981757,248.8236145772938,119.95710718080747,1.0,0.8272005011591046,3236.0,0.7410074165636589,0.7374181502066628,0.7116907466764018,0.8511070180980298,0.618235642391948,0.43947217712415104,124.31806247531165,756.3999742046414,7.166792721420468,0.1957972805933251,0.18501544799176103,0.18940397350993374,0.21108536114329857,0.23286401098901094,0.25899258343634113
drop_retrain::factcc,0.804159466765255,0.004682788931422792,-0.018396633144308505,0.0620157690333875,0.023189839585410058,0.17761708474437699,0.1639744299057983,0.7410211440772512,0.5017497430216784,143.4991362965938,37.351618186284426,247.43006938791078,123.84940434804743,1.0,0.8223613364153828,3236.0,0.7353213844252163,0.7312536353501284,0.7044036605817344,0.8469568625463152,0.6111308466548253,0.4084301546988537,127.77251647260564,733.2898635858078,6.969271260551454,0.19826946847960444,0.1888259526261586,0.19302428256070642,0.21320973348783312,0.239010989010989,0.26467861557478367
drop_retrain::lettuce_v2,0.8000040185496251,0.00287616018865559,-0.02255208135993836,0.05069091939650379,0.011864989948526347,0.17891230716247092,0.160153204349256,0.7340165059055457,0.49928730291174794,158.9447539463593,52.79723583604992,250.3066328630842,139.29600016756027,1.0,0.8264219514613276,3236.0,0.7264833127317676,0.7196474838047211,0.6798065153897911,0.8766479267013771,0.5623445825932505,0.4073367016489714,136.124391560242,576.3454674877905,6.291513130124283,0.18009888751545117,0.19325437693099895,0.21236203090507724,0.2380069524913094,0.2523351648351648,0.27351668726823236
no_verifier,0.7966670723488194,0.0017277034085839346,-0.02588902756074407,0.04076012664990368,0.0019341972019262382,0.18126304033367135,0.15107620812288775,0.7058496878735098,0.4167635521386118,27.304429025398253,-78.84308908491113,66.69980584263992,27.29291416183124,0.0,0.8147004153253791,3236.0,0.7073856613102596,0.70470422718798,0.724576961126492,0.7147479700660931,0.7408525754884547,0.3809758444994929,12.848672390086156,317.1833416803428,36.62409513692883,0.15710754017305315,0.1811534500514933,0.20194260485651214,0.23530320587099265,0.26586538461538456,0.29261433868974046
keep_compact16_3_only,0.7961804642611245,0.025750945058655682,-0.026375635648438922,0.05708440934184864,0.0182584798938712,0.17844605972287775,0.16812579256093477,0.7430626821024899,0.4999055164011188,134.4749773926537,28.32745928234432,240.33563029714327,114.81512295693085,1.0,0.8089188587119794,3236.0,0.740203955500618,0.7365016191104896,0.7299358702065505,0.8103169930885528,0.6779159265837774,0.5183229860269833,117.00541049011277,743.4629275524863,7.757848506901124,0.2019777503090235,0.1909371781668383,0.19068432671081675,0.2122441096948629,0.23087225274725273,0.259796044499382
drop_feature::structured_source_line_ratio,0.7923035015345119,0.008362034737300933,-0.030252598375051565,0.061729155588677774,0.022903226140700332,0.18359491074875672,0.17250405396358498,0.7226958306208123,0.475502171628918,134.5169633880324,28.369445277723017,233.87076189701048,114.85383929337958,1.0,0.8129368572330045,3236.0,0.7162855377008652,0.7084746777691926,0.6761643370407777,0.8485334707662278,0.5766133806986382,0.3656805644340699,109.0338064293931,817.8339435168496,7.707094724369734,0.19103831891223733,0.19938208032955712,0.21130242825607062,0.2372344534569332,0.2700206043956044,0.2837144622991347
target::is_best,0.7878906939193222,0.02020200437771125,-0.03466540599024126,0.05521627124432889,0.016390341796351446,0.1806391725641459,0.17549601453303434,0.7344034730984893,0.493798416311964,130.08637567531173,23.93885756500235,247.87689730866572,110.42818714163236,1.0,0.8120113692224905,3236.0,0.7275339925834363,0.7222122023117407,0.6873049042986762,0.860139256838201,0.5778567199526348,0.40159432862416117,110.29550112281454,734.2487479279198,7.891012550980531,0.219283065512979,0.21864057672502576,0.21584988962472407,0.22773271533410583,0.25291895604395603,0.2724660074165636
keep_base3_only,0.7855924853887449,0.017988663633008436,-0.03696361452081853,0.06259971986768212,0.023773790419704677,0.18585973837128378,0.17706626468961167,0.7231037134077569,0.47140210873674554,134.2555430950318,28.108024984722434,231.24935442771866,114.59417442995016,1.0,0.8089813281046687,3236.0,0.7162546353522867,0.7099472511575532,0.6726442007112005,0.8448304059804681,0.5670219064535228,0.3898906747285146,108.87912768755093,813.121228918181,7.727011155619058,0.19876390605686037,0.20288362512873323,0.22114790286975716,0.23974507531865585,0.26888736263736257,0.2837453646477132
no_stage1,0.7788714994127177,0.004092640245145718,-0.04368460049684575,0.05299731657909038,0.01417138713111294,0.1917350437517062,0.2106288129875466,0.7191410024865255,0.44603654895076056,72.90596538400368,-33.2415527263057,176.3501773180488,53.245817279925824,1.0,0.756676879771378,3236.0,0.7213226205191595,0.7178899653557196,0.7407162940299085,0.7209723089410046,0.7688573120189461,0.45475742872933755,38.0410739831441,786.3388319958492,13.722168668814565,0.1792954264524104,0.1862512873326468,0.1992494481236203,0.23066821166473545,0.25339972527472526,0.2786773794808405
drop_serving::factcc,0.7687883269170491,0.0042910867154657955,-0.05376777299251434,0.09959236287828802,0.060766433430310574,0.19110468378266915,0.21183501335079616,0.741784017883694,0.5083321208196406,117.09494544414395,10.947427333834568,235.37555599069938,97.43371758790084,1.0,0.7803069201541225,3236.0,0.7345179233621757,0.7296653393702826,0.6936331432989701,0.8720054061219502,0.5761989342806395,0.2614676364427547,93.8021952221014,808.070704575526,8.541153960737685,0.30655129789864033,0.2827497425334706,0.26958057395143487,0.2598300502124372,0.2468063186813187,0.2654820766378245
target::correctness,0.7655659093805579,0.0108743986073222,-0.05699019052900556,0.07101392249346636,0.032187993045488916,0.19775360984349205,0.23748982471645075,0.7218868200374835,0.4497382038874189,76.11464894686773,-30.032869163441646,190.38630738366524,56.455412408118555,1.0,0.7333300469798129,3236.0,0.7241038318912236,0.7212778779098261,0.7442120585398023,0.7218227128044888,0.7724097098875073,0.4874772919298881,40.856870873608976,727.6979019289835,13.177985726569144,0.21835599505562425,0.22013388259526262,0.22503311258278144,0.2297025878717652,0.2502747252747252,0.27589616810877626
drop_serving::lettuce_v2,0.7365195073793965,0.0041743891999548996,-0.08603659253016693,0.0969278691216748,0.05810193967369735,0.19855576738702585,0.200397991973654,0.6576240306205827,0.3456014905528873,100.70212447048628,-5.445393639823095,216.8105505844147,81.04095804072792,1.0,0.7794826894087399,3236.0,0.6569530284301608,0.6338724526263586,0.6575066278746464,0.7462121894822518,0.6423327412670219,0.5160765336262318,67.18590320604616,659.5863785453565,9.932537356802637,0.24134734239802227,0.2780123583934089,0.2990728476821192,0.3176902278872151,0.3384958791208791,0.3430469715698393
random_routing_refit,0.6623085878701802,0.013545233412996547,-0.16024751203938326,0.12393275345490737,0.08510682400692993,0.24101255100831892,0.34902946181903527,0.6030471896368877,0.2729922850912029,101.58848051911338,-4.559037591196002,231.99750644401578,81.92732937418445,1.0,0.6816882591866823,3236.0,0.5884734239802225,0.545640073982041,0.406455509640686,0.8220430892599946,0.2709295441089402,0.3870282066862215,61.22546327154204,835.8047279639092,9.861937498944748,0.3879480840543882,0.3773429454170958,0.40083885209713027,0.4041328698339127,0.4112637362637363,0.4115265760197775
drop_retrain::granite_guardian_3_1_2b,0.6583035482262314,0.004104743352018883,-0.16425255168333208,0.12022233970604679,0.08139641025806935,0.241646163318504,0.3629872025612501,0.6131404850504214,0.2920402126779919,75.94256359116072,-30.204954519148657,170.50732401451978,56.29253882506159,1.0,0.6757579937695797,3236.0,0.5991656365883807,0.5608738936004156,0.43212043626143615,0.8308918705129932,0.29467140319715807,0.49503010871584835,40.24439884682078,804.12431208691,13.168089039033356,0.3585290482076638,0.34212152420185377,0.3592494481236203,0.38505214368482044,0.39086538461538456,0.40083436341161927
random_routing_serving,0.6564678938934502,0.008124782142175482,-0.1660882060161133,0.12350354081252479,0.08467761136454735,0.24707259511855914,0.33868909683574067,0.6092010243091635,0.2439359588764955,100.72991572449494,-5.417602385814433,230.92782975988098,81.06972112258072,1.0,0.6782721921416512,3236.0,0.6017305315203956,0.5851061091412524,0.5231510790806746,0.7117821081729423,0.43895796329188863,0.3865677210908018,59.32329668291074,840.1395431191377,9.929144854659286,0.3432014833127318,0.3382080329557158,0.3570860927152318,0.37300115874855155,0.3888736263736264,0.3982694684796045
drop_serving::granite_guardian_3_1_2b,0.6462647198515968,0.0026603383461556327,-0.17629138005796663,0.138012558060353,0.09918662861237557,0.25011892550044906,0.4292937853925417,0.6172566662954292,0.2791960903935361,77.06246497618444,-29.085053134124934,175.30235440952893,57.40223477872066,1.0,0.6684154220870024,3236.0,0.6068294190358466,0.5816354101491635,0.49129959118555994,0.7759830099443368,0.3796329188869153,0.3574352819393448,41.00713987880809,804.8401907975009,12.976621533123716,0.39629171817058095,0.3540679711637487,0.3569094922737307,0.37137891077636154,0.3784340659340659,0.3931705809641533
