system,rule,primary,mean_threshold,acc,bacc,mcc,f1_macro,f1_unsup,prec_unsup,rec_unsup,auroc,ece,brier,aurc
OURS,fixed05,False,0.5,0.7412855377008652,0.7469003395865792,0.5124684062398717,0.7376549344011708,0.7120912539460822,0.8520402427663398,0.6189461219656601,0.8225560999095635,0.03882592944797744,0.16854769793906116,0.14039875733860735
OURS,mcc,True,0.5448531999136923,0.7364647713226204,0.7415322461817081,0.5061348781191277,0.7314646522040189,0.7088808804139185,0.8463158394195794,0.6260509177027828,0.8225560999095635,0.03882592944797744,0.16854769793906116,0.1403927106590189
OURS,youden,False,0.7322024038582329,0.732540173053152,0.7288544301447863,0.46935901248262707,0.7275540130301197,0.7600378657767778,0.7177696712921753,0.8128478389579634,0.8225560999095635,0.03882592944797744,0.16854769793906116,0.13958420346902903
OURS,conformal,False,0.7991988294991822,0.7202410383189122,0.7138387176157523,0.4499365837617155,0.7109642628980738,0.7623596224278221,0.685168989062008,0.8597394908229722,0.8225560999095635,0.03882592944797744,0.16854769793906116,0.14409748226967528
OURS_legacy_hp,fixed05,False,0.5,0.7402657601977751,0.7450919348474463,0.5050582932510738,0.7374121721359775,0.717056245181029,0.8356005563473914,0.635109532267614,0.816645119586296,0.03772859403811892,0.17137098638963721,0.14585773611710812
OURS_legacy_hp,mcc,True,0.5883939217275664,0.7301297898640298,0.7326131135607679,0.4857972031771193,0.7247150337823964,0.7177811774336194,0.8042946041558995,0.6760213143872112,0.816645119586296,0.03772859403811892,0.17137098638963721,0.1456767716935715
OURS_legacy_hp,youden,False,0.7378639601551739,0.7242583436341162,0.7203446729149372,0.45364502079379826,0.7184248671922744,0.7536810839612229,0.7101623332279711,0.8095322676139729,0.816645119586296,0.03772859403811892,0.17137098638963721,0.14568989062710722
OURS_legacy_hp,conformal,False,0.7995501998133178,0.7147095179233621,0.7082707109350094,0.43815200499769313,0.7052736421625628,0.7577928923090526,0.6806037874401294,0.8550029603315572,0.816645119586296,0.03772859403811892,0.17137098638963721,0.14937034566553156
fixed::factcc,fixed05,False,0.5,0.47938813349814585,0.5011343600153546,0.014470865233576793,0.32859694600745387,0.010498661444287922,0.85752688172043,0.00556542332741267,0.5708926499961919,0.16127155596174353,0.2716451906657742,0.5291327561658423
fixed::factcc,mcc,True,0.6864727556174939,0.5319839307787392,0.5339165014277333,0.09287665437961784,0.46723461703123376,0.4534045838661269,0.6224957133371788,0.4898756660746003,0.5708926499961919,0.16127155596174353,0.2716451906657742,0.48210680806070555
fixed::factcc,youden,False,0.6411069564412087,0.5404202719406674,0.5471420649145026,0.10250938118001929,0.5243352748390042,0.46144711475318695,0.5953225746399671,0.3939609236234458,0.5708926499961919,0.16127155596174353,0.2716451906657742,0.5022623767358367
fixed::factcc,conformal,False,0.6641401611893142,0.5508961681087763,0.5458219713626672,0.10513978978094658,0.518098627105756,0.5883147980977176,0.5672740726108989,0.6614564831261102,0.5708926499961919,0.16127155596174353,0.2716451906657742,0.4638941761110055
fixed::factkb,fixed05,False,0.5,0.7182632880098887,0.729302249660624,0.5236795392379693,0.7038751737773593,0.6387588272550698,0.9656982557342385,0.4777383066903493,0.7628239955635212,0.059454985110261795,0.1828685447497643,0.177140819311919
fixed::factkb,mcc,True,0.49040211640211645,0.7054697156983931,0.7173345113424521,0.5098285083684095,0.6872498442853555,0.6121367593797641,0.977625531235096,0.44695085849615157,0.7628239955635212,0.059454985110261795,0.1828685447497643,0.17799200767665507
fixed::factkb,youden,False,0.65054864039322,0.7229604449938195,0.7314080079360614,0.4991282564137517,0.7152165403364408,0.669537741508765,0.8910629888875332,0.5388987566607459,0.7628239955635212,0.059454985110261795,0.1828685447497643,0.17660211158556038
fixed::factkb,conformal,False,0.7040990899556442,0.6578182941903584,0.6542981641351717,0.33106042869693175,0.6404116649705267,0.6903140188472745,0.6869251579919171,0.734517465956187,0.7628239955635212,0.059454985110261795,0.1828685447497643,0.1942005926885642
fixed::hhem,fixed05,False,0.5,0.6157601977750309,0.6316678167372974,0.37545666644119907,0.5672044137942491,0.42226225193564015,0.9806955348381905,0.2691533451746596,0.6652132912189332,0.12600455821570086,0.23292047338808194,0.38462708598148543
fixed::hhem,mcc,True,0.5257103858054282,0.6025030902348579,0.6190006020170057,0.35366617898698677,0.5464936155262942,0.3874967368451213,0.982355152795313,0.24304322084073418,0.6652132912189332,0.12600455821570086,0.23292047338808194,0.3851385369983903
fixed::hhem,youden,False,0.6468411477562542,0.6354449938195301,0.6503403520172928,0.4025115085470167,0.5961724982598855,0.4703717453628304,0.9711891234232018,0.3108940201302546,0.6652132912189332,0.12600455821570086,0.23292047338808194,0.38363694999149234
fixed::hhem,conformal,False,0.7336223988740872,0.517088998763906,0.49710765847533167,-0.012934912909618465,0.3743658149845067,0.6730177630824818,0.5204056093511759,0.9524570751924216,0.6652132912189332,0.12600455821570086,0.23292047338808194,0.32263289188844524
fixed::wecheck,fixed05,False,0.5,0.7008343634116192,0.7097528094445866,0.4570747408405994,0.6908147874822912,0.6368448395275557,0.8692668403323296,0.5065127294256957,0.7691233974119775,0.09245939729466607,0.19609301229997225,0.1899344941236679
fixed::wecheck,mcc,True,0.5380191849434516,0.69385043263288,0.7029999621108177,0.44893233571044944,0.6816078541234293,0.6233344612371099,0.8737408246177216,0.49449378330373,0.7691233974119775,0.09245939729466607,0.19609301229997225,0.19041853297380965
fixed::wecheck,youden,False,0.6542003367647322,0.698176761433869,0.7007207173072808,0.4061700033267166,0.6969519463979685,0.6890222345720342,0.7495643745446154,0.6427471876850206,0.7691233974119775,0.09245939729466607,0.19609301229997225,0.1899944812892924
fixed::wecheck,conformal,False,0.7900349340768162,0.6374227441285538,0.6288389682967053,0.28527168298818806,0.6117775706254648,0.7035894379382517,0.6197082057904146,0.8244523386619301,0.7691233974119775,0.09245939729466607,0.19609301229997225,0.2218114223210919
fixed::factcg,fixed05,False,0.5,0.7293572311495674,0.7376228480188359,0.5090913162451252,0.7223338054208249,0.6788172522572953,0.89226289327867,0.5492599171107164,0.7799788011939303,0.09607384923316317,0.1886244829316506,0.17683551830393004
fixed::factcg,mcc,True,0.5470569351460189,0.7288627935723115,0.7369943085855738,0.5075215893682452,0.7218060329698078,0.678817605522401,0.8898939518816137,0.5516873889875666,0.7799788011939303,0.09607384923316317,0.1886244829316506,0.17682959449830188
fixed::factcg,youden,False,0.6704109379824986,0.7292954264524105,0.7327295558201419,0.47288519857704336,0.7278934084656832,0.7156441147136015,0.7969246134256764,0.654470100651273,0.7799788011939303,0.09607384923316317,0.1886244829316506,0.17653287517868413
fixed::factcg,conformal,False,0.8245861155817331,0.6314276885043263,0.6225470294689812,0.27098770829112645,0.6055776605439752,0.700885314745299,0.6148586199531489,0.8249259917110715,0.7799788011939303,0.09607384923316317,0.1886244829316506,0.21948000664138462
fixed::minicheck_dbta,fixed05,False,0.5,0.5663164400494438,0.5834737338028531,0.2648212959331201,0.49870503552683526,0.3149873638255278,0.8982874582879672,0.19248075784487864,0.677404135585099,0.129627132929825,0.24016522159864545,0.32545015506380987
fixed::minicheck_dbta,mcc,True,0.43176408667343014,0.5573238566131027,0.5752477435843855,0.25709613634345774,0.4806536931633924,0.28130663264614386,0.9220814374858906,0.16678507992895203,0.677404135585099,0.129627132929825,0.24016522159864545,0.3268096616640635
fixed::minicheck_dbta,youden,False,0.6738282312388003,0.6213844252163165,0.6164829041330975,0.24180939097550097,0.6120946652636382,0.6660342419310636,0.6176749184200747,0.7281823564239194,0.677404135585099,0.129627132929825,0.24016522159864545,0.2836348428319041
fixed::minicheck_dbta,conformal,False,0.7604824773037077,0.6000927070457355,0.5874941013432289,0.21613630269737288,0.5533242294000102,0.695247465463007,0.5784151622873855,0.874600355239787,0.677404135585099,0.129627132929825,0.24016522159864545,0.303914243213964
fixed::minicheck_ft5,fixed05,False,0.5,0.6851977750309024,0.6942273534635879,0.42330195340737997,0.6747646178295079,0.6173592468441251,0.8441023701860255,0.48845470692717574,0.7390736018413376,0.12191351183733559,0.21586261527505807,0.2875648127365795
fixed::minicheck_ft5,mcc,True,0.5906252482272802,0.6884734239802226,0.6963245771050598,0.41990011059296395,0.6803945421955558,0.6321887126875706,0.8243514990593017,0.5174067495559503,0.7390736018413376,0.12191351183733559,0.21586261527505807,0.2873121311302522
fixed::minicheck_ft5,youden,False,0.6759050807857508,0.69385043263288,0.697929471009609,0.4050973435708995,0.6913843538122524,0.6724668965386142,0.766187545210878,0.6049733570159859,0.7390736018413376,0.12191351183733559,0.21586261527505807,0.2863859279572868
fixed::minicheck_ft5,conformal,False,0.7771392390296339,0.6080346106304079,0.5981971638224903,0.2198231581115812,0.5742152266781814,0.6870282823371385,0.5951880936734442,0.822380106571936,0.7390736018413376,0.12191351183733559,0.21586261527505807,0.3417227111747299
fixed::alignscore,fixed05,False,0.5,0.7372064276885044,0.7399167126886279,0.48384528849129016,0.7365062387100807,0.72891124737359,0.7917428175045189,0.6781527531083482,0.8116698489752506,0.04345311441247235,0.17279405386826835,0.13647147206334675
fixed::alignscore,mcc,True,0.6163704174803476,0.7295117428924598,0.730578158302534,0.4660826297050324,0.7280317831725818,0.7300779079190122,0.7663658855814217,0.706275902901125,0.8116698489752506,0.04345311441247235,0.17279405386826835,0.13772408657348983
fixed::alignscore,youden,False,0.6766960721436582,0.7274721878862793,0.7266678798859345,0.4546986841596796,0.7263840154383252,0.7404530514679604,0.7375684409981845,0.7449970396684429,0.8116698489752506,0.04345311441247235,0.17279405386826835,0.13824681700192964
fixed::alignscore,conformal,False,0.8308609709491371,0.6127317676143387,0.5975149671837583,0.27480443320596887,0.5462716330875148,0.7182178142013991,0.5804404668666432,0.9442865600947306,0.8116698489752506,0.04345311441247235,0.17279405386826835,0.20969819574288998
fixed::lettuce_v2,fixed05,False,0.5,0.5852904820766378,0.599139379757915,0.25312265138488266,0.5473885389221452,0.41642919264938716,0.7841152842590858,0.2835405565423328,0.5995127986978368,0.15271124060467095,0.2574662647881725,0.582509855301147
fixed::lettuce_v2,mcc,True,0.6735175884751475,0.5861557478368356,0.5999247957141595,0.2541595677035736,0.5488787306695742,0.4192013223505378,0.7835608363600304,0.286145648312611,0.5995127986978368,0.15271124060467095,0.2574662647881725,0.5824685002571488
fixed::lettuce_v2,youden,False,0.6984751525389089,0.5861248454882573,0.5998951923985881,0.2541000558349345,0.5488363457218901,0.4191328471574889,0.7835258075265952,0.28608644168146835,0.5995127986978368,0.15271124060467095,0.2574662647881725,0.5824745655516919
fixed::lettuce_v2,conformal,False,0.7015421420465763,0.5861557478368356,0.5999247957141595,0.2541595677035736,0.5488787306695742,0.4192013223505378,0.7835608363600304,0.286145648312611,0.5995127986978368,0.15271124060467095,0.2574662647881725,0.5824685002571488
fixed::granite_guardian_3_1_2b,fixed05,False,0.5,0.7274412855377009,0.7347874742190906,0.4948876633495938,0.7221600893565047,0.684453629748656,0.8649938766434835,0.5673771462403789,0.7958342949148508,0.05570204038344576,0.18276399562101292,0.17030360546548692
fixed::granite_guardian_3_1_2b,mcc,True,0.5120384217002502,0.7215080346106304,0.7286607169169075,0.4851480483515324,0.7151828242646956,0.6771754313861963,0.8603554223242419,0.565660153937241,0.7958342949148508,0.05570204038344576,0.18276399562101292,0.17089765092762355
fixed::granite_guardian_3_1_2b,youden,False,0.6626329664959015,0.7186650185414092,0.7187118979303703,0.4422880201027338,0.7167918884862137,0.7261724234891583,0.7442342983286652,0.7176435760805211,0.7958342949148508,0.05570204038344576,0.18276399562101292,0.16991597997249439
fixed::granite_guardian_3_1_2b,conformal,False,0.7794471436393967,0.627503090234858,0.6151000255273581,0.28385496052565384,0.5758643615058298,0.7166320365791261,0.6026251725753748,0.8977501480165779,0.7958342949148508,0.05570204038344576,0.18276399562101292,0.22938105753326427
fixed::granite_guardian_3_2_3b_a800m,fixed05,False,0.5,0.6404820766378245,0.6535135710248029,0.37680286687810066,0.6123537003840508,0.5081197317675633,0.887641426849639,0.356542332741267,0.7550137530076931,0.14207380338995135,0.22168620401367445,0.23916574204215854
fixed::granite_guardian_3_2_3b_a800m,mcc,True,0.5056677059085697,0.6327564894932014,0.6463382784456863,0.36789529376605856,0.6005698487131966,0.48765987775668673,0.8943732136779484,0.3368265245707519,0.7550137530076931,0.14207380338995135,0.22168620401367445,0.2397285521899178
fixed::granite_guardian_3_2_3b_a800m,youden,False,0.6525266947211324,0.6748454882571077,0.6843346984920489,0.40769628251268086,0.6620097746738967,0.5982235338527568,0.8425858740895252,0.4680876258140912,0.7550137530076931,0.14207380338995135,0.22168620401367445,0.2353982416146616
fixed::granite_guardian_3_2_3b_a800m,conformal,False,0.7117768838307126,0.671229913473424,0.6696622275088475,0.35829709770558793,0.6611631345391651,0.6854922885132163,0.7001948825447727,0.7053878034339847,0.7550137530076931,0.14207380338995135,0.22168620401367445,0.23163946761474544
fixed::granite_guardian_3_2_8b_factuality,fixed05,False,0.5,0.4941285537700866,0.485334896357778,-0.04609640321457678,0.4528521846093761,0.5882264643540134,0.5297011605590374,0.6857312018946122,0.6338600312375258,0.2810752764038606,0.2655293685903578,0.28914703253996066
fixed::granite_guardian_3_2_8b_factuality,mcc,True,0.48583478818709,0.5399258343634117,0.5351062791560126,0.06291834090405019,0.5083599413120812,0.598228878986362,0.5937298343439228,0.6449378330373002,0.6338600312375258,0.2810752764038606,0.2655293685903578,0.27946618190281675
fixed::granite_guardian_3_2_8b_factuality,youden,False,0.6888292407464945,0.45463535228677376,0.44204551064858244,-0.14073769786234902,0.3981440269591846,0.5824859996026646,0.4850457030322349,0.7289520426287744,0.6338600312375258,0.2810752764038606,0.2655293685903578,0.2954509203799484
fixed::granite_guardian_3_2_8b_factuality,conformal,False,0.7270007992595163,0.4568603213844252,0.4441035821351358,-0.13668660809379285,0.3990335645572955,0.5854519571942427,0.48655308624433335,0.7348134991119005,0.6338600312375258,0.2810752764038606,0.2655293685903578,0.2943251850527857
fixed::granite_guardian_4_1_3b_factuality_lora,fixed05,False,0.5,0.4611557478368356,0.45742467228727807,-0.08703467891392698,0.45361728568310433,0.51159622134729,0.4857131133948537,0.5424511545293071,0.47486680421587957,0.27709814844900943,0.33311837351231127,0.44657350973113197
fixed::granite_guardian_4_1_3b_factuality_lora,mcc,True,0.48933324895993574,0.4637824474660074,0.4610767875943928,-0.07875476557450928,0.4591593254583253,0.5038248354895567,0.4875482115504278,0.522735346358792,0.47486680421587957,0.27709814844900943,0.33311837351231127,0.44686566406171735
fixed::granite_guardian_4_1_3b_factuality_lora,youden,False,0.6676169907900472,0.476946847960445,0.46303868179325286,-0.09474857930294463,0.4095818954850213,0.6087032037429443,0.49920485327787284,0.7799881586737715,0.47486680421587957,0.27709814844900943,0.33311837351231127,0.43695724871351355
fixed::granite_guardian_4_1_3b_factuality_lora,conformal,False,0.782733235278362,0.5166254635352286,0.4979108517296794,-0.00475638818126115,0.39408030879390527,0.6659975860101817,0.5206923955945291,0.9243931320307872,0.47486680421587957,0.27709814844900943,0.33311837351231127,0.4100603398706249
fixed::qwen30_fast,fixed05,False,0.5,0.7690667490729296,0.774339781000527,0.5636492932366378,0.7668734759267365,0.74649353482293,0.8747917293232803,0.6541740674955594,0.8338392113232777,0.025056996077055062,0.15688457976374826,0.12857216259441176
fixed::qwen30_fast,mcc,True,0.5456685106375203,0.7668108776266995,0.7725075328669518,0.5631066753785771,0.7640339477298121,0.7409833665970177,0.8823532051621683,0.6426879810538779,0.8338392113232777,0.025056996077055062,0.15688457976374826,0.12914336344215735
fixed::qwen30_fast,youden,False,0.6835535833392263,0.7645550061804697,0.7642542930548364,0.5303669251733533,0.7636962192064373,0.7735594769295749,0.778929301560396,0.7711071640023682,0.8338392113232777,0.025056996077055062,0.15688457976374826,0.1282724657043131
fixed::qwen30_fast,conformal,False,0.7617710958780298,0.7533065512978986,0.7509380060262935,0.5057888935014863,0.7513838829825393,0.7730652748118994,0.7437910276247668,0.804914150384843,0.8338392113232777,0.025056996077055062,0.15688457976374826,0.13120091525982108
fixed::qwen30_judge,fixed05,False,0.5,0.7503399258343633,0.759182692068493,0.5599343304664911,0.7430709427573621,0.6998551138671281,0.9393642073778663,0.5576672587329782,0.8150024513152714,0.05597169708571963,0.16377298846455962,0.14312090828734306
fixed::qwen30_judge,mcc,True,0.5212035835488835,0.7503399258343633,0.759182692068493,0.5599343304664911,0.7430709427573621,0.6998551138671281,0.9393642073778663,0.5576672587329782,0.8150024513152714,0.05597169708571963,0.16377298846455962,0.14312090828734306
fixed::qwen30_judge,youden,False,0.7472547662179063,0.784301606922126,0.7880157664924148,0.581538060476938,0.7837596688013118,0.7729342875731946,0.8577617328519855,0.7033747779751333,0.8150024513152714,0.05597169708571963,0.16377298846455962,0.13902121621399485
fixed::qwen30_judge,conformal,False,0.7986945104186518,0.5951792336217553,0.5795997754204837,0.2323589379307956,0.509024077561128,0.7089680284976916,0.5834918227908241,0.9346358792184726,0.8150024513152714,0.05597169708571963,0.16377298846455962,0.19539646359039622
