protocol,seed,system,n,verifier,features,heads,routing,platt,isotonic
B,17,OURS,3236,76.3136791533101,27.29291416183124,0.030373677994701344,6.259147484173218e-05,8.37635986316415e-05,1.965914731321463e-05
B,17,OURS_legacy_hp,3236,77.69664474566372,27.29291416183124,0.030961248765770652,6.282879787207119e-05,6.486093955677422e-05,1.9397095920131237e-05
B,17,fixed::factcc,3236,37.602541001972064,0.0,0.0,0.0,2.80497519544594e-05,1.7681089647192558e-05
B,17,fixed::factkb,3236,37.01453778784255,0.0,0.0,0.0,2.8198081658973515e-05,1.7908528527447538e-05
B,17,fixed::hhem,3236,223.29777995245803,0.0,0.0,0.0,2.7214154540371193e-05,1.436835693797541e-05
B,17,fixed::wecheck,3236,496.01285699078085,0.0,0.0,0.0,2.7401733044673066e-05,2.4756801036061034e-05
B,17,fixed::factcg,3236,427.50411280639327,0.0,0.0,0.0,2.7411931976606914e-05,2.5978060178769514e-05
B,17,fixed::minicheck_dbta,3236,480.6411952140502,0.0,0.0,0.0,2.6932325853352587e-05,2.295210272849656e-05
B,17,fixed::minicheck_ft5,3236,364.02877976621477,0.0,0.0,0.0,2.7209207968445602e-05,2.1730839088904512e-05
B,17,fixed::alignscore,3236,561.6505837401235,0.0,0.0,0.0,2.765914815079711e-05,2.3431398566784648e-05
B,17,fixed::lettuce_v2,3236,61.60762110813256,0.0,0.0,0.0,2.71844841025848e-05,1.093726625322964e-05
B,17,fixed::granite_guardian_3_1_2b,3236,131.81202981387514,0.0,0.0,0.0,2.6848270105686137e-05,2.1394620595122277e-05
B,17,fixed::granite_guardian_3_2_3b_a800m,3236,263.87175500455834,0.0,0.0,0.0,2.7713533460677166e-05,2.2151113330353194e-05
B,17,fixed::granite_guardian_3_2_8b_factuality,3236,690.0147674194055,0.0,0.0,0.0,2.7886591527935657e-05,1.5787699305002285e-05
B,17,fixed::granite_guardian_4_1_3b_factuality_lora,3236,376.7556717445145,0.0,0.0,0.0,2.7357542169843288e-05,2.5290787972311854e-05
B,17,fixed::qwen30_fast,3236,211.64676892352674,0.0,0.0,0.0,2.696693386929743e-05,2.098392921255853e-05
B,17,fixed::qwen30_judge,3236,600.8660680483031,0.0,0.0,0.0,2.7238873909348426e-05,1.2133500238878212e-05
B,29,OURS,3236,80.12506192524629,27.29291416183124,0.031054604446395427,6.360012132931174e-05,6.805006193045449e-05,1.7894003593520584e-05
B,29,OURS_legacy_hp,3236,78.3349747512097,27.29291416183124,0.03405585104928551,0.0002025185410541739,6.567675967692721e-05,3.93229309133886e-05
B,29,fixed::factcc,3236,37.602541001972064,0.0,0.0,0.0,2.82178634497923e-05,1.7829729636672917e-05
B,29,fixed::factkb,3236,37.01453778784255,0.0,0.0,0.0,2.774320389846356e-05,2.3159454029850083e-05
B,29,fixed::hhem,3236,223.29777995245803,0.0,0.0,0.0,2.7807167570344983e-05,1.442305253282171e-05
B,29,fixed::wecheck,3236,496.01285699078085,0.0,0.0,0.0,2.9285846316061077e-05,2.5809948683436614e-05
B,29,fixed::factcg,3236,427.50411280639327,0.0,0.0,0.0,2.7011435029093447e-05,2.4573548533752264e-05
B,29,fixed::minicheck_dbta,3236,480.6411952140502,0.0,0.0,0.0,2.7273486422176838e-05,2.0316749081885896e-05
B,29,fixed::minicheck_ft5,3236,364.02877976621477,0.0,0.0,0.0,2.7075708985941113e-05,2.3545426043436596e-05
B,29,fixed::alignscore,3236,561.6505837401235,0.0,0.0,0.0,2.7347653522875682e-05,2.358961691826637e-05
B,29,fixed::lettuce_v2,3236,61.60762110813256,0.0,0.0,0.0,2.705098961696388e-05,1.2212609414619075e-05
B,29,fixed::granite_guardian_3_1_2b,3236,131.81202981387514,0.0,0.0,0.0,2.6847959820719895e-05,2.3199318902686755e-05
B,29,fixed::granite_guardian_3_2_3b_a800m,3236,263.87175500455834,0.0,0.0,0.0,2.673949498904245e-05,2.0024721462933442e-05
B,29,fixed::granite_guardian_3_2_8b_factuality,3236,690.0147674194055,0.0,0.0,0.0,2.695178836543799e-05,1.825988802820564e-05
B,29,fixed::granite_guardian_4_1_3b_factuality_lora,3236,376.7556717445145,0.0,0.0,0.0,2.64873277460431e-05,2.5236402662431796e-05
B,29,fixed::qwen30_fast,3236,211.64676892352674,0.0,0.0,0.0,2.7362484244885306e-05,1.812144697065913e-05
B,29,fixed::qwen30_judge,3236,600.8660680483031,0.0,0.0,0.0,2.6774103004987293e-05,1.2143384388962252e-05
B,43,OURS,3236,80.88605566871344,27.29291416183124,0.027034623303650092,6.630964207662125e-05,7.266841981501281e-05,1.7191594876970622e-05
B,43,OURS_legacy_hp,3236,81.68540912052671,27.29291416183124,0.030615178616385047,6.083127319708015e-05,6.750618185035249e-05,1.698392879376729e-05
B,43,fixed::factcc,3236,37.602541001972064,0.0,0.0,0.0,2.874196623595908e-05,2.068232323160471e-05
B,43,fixed::factkb,3236,37.01453778784255,0.0,0.0,0.0,2.8583747884477357e-05,1.6692211459781077e-05
B,43,fixed::hhem,3236,223.29777995245803,0.0,0.0,0.0,2.670488247621404e-05,1.3967859990461943e-05
B,43,fixed::wecheck,3236,496.01285699078085,0.0,0.0,0.0,2.7733315251495953e-05,2.539956758583911e-05
B,43,fixed::factcg,3236,427.50411280639327,0.0,0.0,0.0,2.6902655415566195e-05,2.2329108975770135e-05
B,43,fixed::minicheck_dbta,3236,480.6411952140502,0.0,0.0,0.0,2.683343488679294e-05,2.1147404420932086e-05
B,43,fixed::minicheck_ft5,3236,364.02877976621477,0.0,0.0,0.0,2.704110096999627e-05,2.4138439073410386e-05
B,43,fixed::alignscore,3236,561.6505837401235,0.0,0.0,0.0,2.6833129098710267e-05,2.317954160875154e-05
B,43,fixed::lettuce_v2,3236,61.60762110813256,0.0,0.0,0.0,2.7070766910899095e-05,1.1387206435581147e-05
B,43,fixed::granite_guardian_3_1_2b,3236,131.81202981387514,0.0,0.0,0.0,2.705098961696388e-05,2.4187882308248425e-05
B,43,fixed::granite_guardian_3_2_3b_a800m,3236,263.87175500455834,0.0,0.0,0.0,2.6768850644979032e-05,2.1889061937269803e-05
B,43,fixed::granite_guardian_3_2_8b_factuality,3236,690.0147674194055,0.0,0.0,0.0,2.7189430674510388e-05,1.7824783064747327e-05
B,43,fixed::granite_guardian_4_1_3b_factuality_lora,3236,376.7556717445145,0.0,0.0,0.0,2.690760198749178e-05,2.330315194428842e-05
B,43,fixed::qwen30_fast,3236,211.64676892352674,0.0,0.0,0.0,2.7604758344033482e-05,1.7572620318631545e-05
B,43,fixed::qwen30_judge,3236,600.8660680483031,0.0,0.0,0.0,2.6976827013148604e-05,1.210383429797539e-05
B,7,OURS,3236,77.92854394887067,27.29291416183124,0.033729262051567704,5.961495612941369e-05,6.70021621462036e-05,1.9134734242081604e-05
B,7,OURS_legacy_hp,3236,77.02558478044791,27.29291416183124,0.03484752317448751,0.00018574227384672638,6.701205079317121e-05,4.0796663087179105e-05
B,7,fixed::factcc,3236,37.602541001972064,0.0,0.0,0.0,2.821291687786671e-05,1.97728690017839e-05
B,7,fixed::factkb,3236,37.01453778784255,0.0,0.0,0.0,2.953800906217686e-05,1.9006181831502706e-05
B,7,fixed::hhem,3236,223.29777995245803,0.0,0.0,0.0,2.745148206759378e-05,1.3394313969457123e-05
B,7,fixed::wecheck,3236,496.01285699078085,0.0,0.0,0.0,2.711989986077089e-05,2.3678925025941085e-05
B,7,fixed::factcg,3236,427.50411280639327,0.0,0.0,0.0,2.7515760521325014e-05,2.6319220747593768e-05
B,7,fixed::minicheck_dbta,3236,480.6411952140502,0.0,0.0,0.0,2.757509240313066e-05,2.1646783341238062e-05
B,7,fixed::minicheck_ft5,3236,364.02877976621477,0.0,0.0,0.0,2.6858154255770174e-05,2.691749063445939e-05
B,7,fixed::alignscore,3236,561.6505837401235,0.0,0.0,0.0,2.7362484244885306e-05,2.472713509515821e-05
B,7,fixed::lettuce_v2,3236,61.60762110813256,0.0,0.0,0.0,2.693232135646902e-05,1.0971878766058052e-05
B,7,fixed::granite_guardian_3_1_2b,3236,131.81202981387514,0.0,0.0,0.0,2.8014833653548316e-05,2.221538728720086e-05
B,7,fixed::granite_guardian_3_2_3b_a800m,3236,263.87175500455834,0.0,0.0,0.0,2.7095490776759897e-05,2.547867676157997e-05
B,7,fixed::granite_guardian_3_2_8b_factuality,3236,690.0147674194055,0.0,0.0,0.0,2.6952098650404234e-05,1.586186640570113e-05
B,7,fixed::granite_guardian_4_1_3b_factuality_lora,3236,376.7556717445145,0.0,0.0,0.0,2.7110011213803282e-05,2.396569578800171e-05
B,7,fixed::qwen30_fast,3236,211.64676892352674,0.0,0.0,0.0,2.726854434713482e-05,1.834394377587209e-05
B,7,fixed::qwen30_judge,3236,600.8660680483031,0.0,0.0,0.0,2.7120210145737134e-05,1.201977405342537e-05
B,11,OURS,3236,79.70987482775493,27.29291416183124,0.031355319531757915,0.00023339184123259476,7.024042196663923e-05,4.2230530388132936e-05
B,11,OURS_legacy_hp,3236,79.88957858427533,27.29291416183124,0.041604398022029074,6.028738862009459e-05,6.540512992184245e-05,1.8487326908460616e-05
B,11,fixed::factcc,3236,37.602541001972064,0.0,0.0,0.0,2.8949632319162413e-05,1.0991656059993268e-05
B,11,fixed::factkb,3236,37.01453778784255,0.0,0.0,0.0,2.813380770212585e-05,1.2870211183290343e-05
B,11,fixed::hhem,3236,223.29777995245803,0.0,0.0,0.0,2.7639370856861893e-05,1.363164149667971e-05
B,11,fixed::wecheck,3236,496.01285699078085,0.0,0.0,0.0,2.8015139441630987e-05,2.5522867636409747e-05
B,11,fixed::factcg,3236,427.50411280639327,0.0,0.0,0.0,2.8039863307491792e-05,2.0257417200080248e-05
B,11,fixed::minicheck_dbta,3236,480.6411952140502,0.0,0.0,0.0,2.8282137406639965e-05,2.1715698081928642e-05
B,11,fixed::minicheck_ft5,3236,364.02877976621477,0.0,0.0,0.0,2.7678925444732323e-05,2.4104141342431786e-05
B,11,fixed::alignscore,3236,561.6505837401235,0.0,0.0,0.0,2.7580034478172677e-05,2.637855712628298e-05
B,11,fixed::lettuce_v2,3236,61.60762110813256,0.0,0.0,0.0,2.733745459094183e-05,1.0991345775027026e-05
B,11,fixed::granite_guardian_3_1_2b,3236,131.81202981387514,0.0,0.0,0.0,2.804449959445114e-05,2.2358779413556524e-05
B,11,fixed::granite_guardian_3_2_3b_a800m,3236,263.87175500455834,0.0,0.0,0.0,2.7901422249945284e-05,2.1181702151910686e-05
B,11,fixed::granite_guardian_3_2_8b_factuality,3236,690.0147674194055,0.0,0.0,0.0,2.9285846316061077e-05,1.60794166389885e-05
B,11,fixed::granite_guardian_4_1_3b_factuality_lora,3236,376.7556717445145,0.0,0.0,0.0,2.7955807559825342e-05,2.2937267509603364e-05
B,11,fixed::qwen30_fast,3236,211.64676892352674,0.0,0.0,0.0,2.7540479890302247e-05,1.8655438403793516e-05
B,11,fixed::qwen30_judge,3236,600.8660680483031,0.0,0.0,0.0,2.755531960607901e-05,1.2138748102002905e-05
B,23,OURS,3236,79.72555573005042,27.29291416183124,0.02419799133848597,5.9773174480895415e-05,6.865327838924569e-05,1.6217551908452334e-05
B,23,OURS_legacy_hp,3236,73.28248665976305,27.29291416183124,0.030156800675071194,6.196848108900575e-05,6.408467402449166e-05,2.2309331681834917e-05
B,23,fixed::factcc,3236,37.602541001972064,0.0,0.0,0.0,2.8287083978565555e-05,2.2205498640233252e-05
B,23,fixed::factkb,3236,37.01453778784255,0.0,0.0,0.0,2.839091702016722e-05,2.3678925025941085e-05
B,23,fixed::hhem,3236,223.29777995245803,0.0,0.0,0.0,2.813875427405144e-05,1.3779975698077396e-05
B,23,fixed::wecheck,3236,496.01285699078085,0.0,0.0,0.0,2.8237636246843948e-05,2.500401721025123e-05
B,23,fixed::factcg,3236,427.50411280639327,0.0,0.0,0.0,2.7500929799315386e-05,2.4578800893760525e-05
B,23,fixed::minicheck_dbta,3236,480.6411952140502,0.0,0.0,0.0,2.737206710377024e-05,2.160228667832561e-05
B,23,fixed::minicheck_ft5,3236,364.02877976621477,0.0,0.0,0.0,2.9468788533403605e-05,2.4648021422533783e-05
B,23,fixed::alignscore,3236,561.6505837401235,0.0,0.0,0.0,2.9463841961478015e-05,2.2556242067942438e-05
B,23,fixed::lettuce_v2,3236,61.60762110813256,0.0,0.0,0.0,2.7772865342482814e-05,1.0655131778128362e-05
B,23,fixed::granite_guardian_3_1_2b,3236,131.81202981387514,0.0,0.0,0.0,2.753553781526023e-05,1.994592257215882e-05
B,23,fixed::granite_guardian_3_2_3b_a800m,3236,263.87175500455834,0.0,0.0,0.0,2.7293263716112052e-05,1.937700834122978e-05
B,23,fixed::granite_guardian_3_2_8b_factuality,3236,690.0147674194055,0.0,0.0,0.0,2.734764902599211e-05,1.7226202892915465e-05
B,23,fixed::granite_guardian_4_1_3b_factuality_lora,3236,376.7556717445145,0.0,0.0,0.0,2.7584981050098268e-05,2.490513074057515e-05
B,23,fixed::qwen30_fast,3236,211.64676892352674,0.0,0.0,0.0,2.7614646991001088e-05,1.8793879461340028e-05
B,23,fixed::qwen30_judge,3236,600.8660680483031,0.0,0.0,0.0,2.9162235980524194e-05,1.2054701348103591e-05
B,31,OURS,3236,76.24168779426829,27.29291416183124,0.03102089369362905,6.261618971382584e-05,6.972620782744006e-05,1.615327795160467e-05
B,31,OURS_legacy_hp,3236,73.38446880166165,27.29291416183124,0.03082447620492218,6.225030977602435e-05,6.61069225653435e-05,1.7177069943043668e-05
B,31,fixed::factcc,3236,37.602541001972064,0.0,0.0,0.0,2.918201327445941e-05,1.8694997488547518e-05
B,31,fixed::factkb,3236,37.01453778784255,0.0,0.0,0.0,2.8489803489843298e-05,1.8185720927506795e-05
B,31,fixed::hhem,3236,223.29777995245803,0.0,0.0,0.0,3.0413161064135497e-05,1.3320457153724523e-05
B,31,fixed::wecheck,3236,496.01285699078085,0.0,0.0,0.0,2.953306698713484e-05,2.2516687480072008e-05
B,31,fixed::factcg,3236,427.50411280639327,0.0,0.0,0.0,2.7950865484783323e-05,2.390636390619606e-05
B,31,fixed::minicheck_dbta,3236,480.6411952140502,0.0,0.0,0.0,3.0170891461870893e-05,1.9486093742839706e-05
B,31,fixed::minicheck_ft5,3236,364.02877976621477,0.0,0.0,0.0,2.7911306400029322e-05,2.3515454314451098e-05
B,31,fixed::alignscore,3236,561.6505837401235,0.0,0.0,0.0,2.7901422249945284e-05,2.1493201276715685e-05
B,31,fixed::lettuce_v2,3236,61.60762110813256,0.0,0.0,0.0,2.812886113020026e-05,1.0596105684405388e-05
B,31,fixed::granite_guardian_3_1_2b,3236,131.81202981387514,0.0,0.0,0.0,2.757015032808864e-05,2.6437578723122387e-05
B,31,fixed::granite_guardian_3_2_3b_a800m,3236,263.87175500455834,0.0,0.0,0.0,2.7634428781819875e-05,1.801730364409122e-05
B,31,fixed::granite_guardian_3_2_8b_factuality,3236,690.0147674194055,0.0,0.0,0.0,2.7550373034153425e-05,1.57280571382304e-05
B,31,fixed::granite_guardian_4_1_3b_factuality_lora,3236,376.7556717445145,0.0,0.0,0.0,2.8049446166376728e-05,2.3802535361477965e-05
B,31,fixed::qwen30_fast,3236,211.64676892352674,0.0,0.0,0.0,2.788164495601007e-05,1.8447466532507513e-05
B,31,fixed::qwen30_judge,3236,600.8660680483031,0.0,0.0,0.0,2.757509240313066e-05,1.2183249261798924e-05
B,37,OURS,3236,78.99906633015117,27.29291416183124,0.03399633498412266,6.418356049416773e-05,7.191687365170748e-05,1.6890294684099472e-05
B,37,OURS_legacy_hp,3236,78.16888840917059,27.29291416183124,0.03423547218770292,5.9392459324200734e-05,6.5321074174176e-05,1.737453709431315e-05
B,37,fixed::factcc,3236,37.602541001972064,0.0,0.0,0.0,2.7313041010047267e-05,1.9085601292209807e-05
B,37,fixed::factkb,3236,37.01453778784255,0.0,0.0,0.0,2.8207974802824692e-05,2.0272247922089876e-05
B,37,fixed::hhem,3236,223.29777995245803,0.0,0.0,0.0,2.717954202754278e-05,1.4758960741637701e-05
B,37,fixed::wecheck,3236,496.01285699078085,0.0,0.0,0.0,2.691254855941737e-05,2.5350119854117502e-05
B,37,fixed::factcg,3236,427.50411280639327,0.0,0.0,0.0,2.656644141866753e-05,2.2932325434561345e-05
B,37,fixed::minicheck_dbta,3236,480.6411952140502,0.0,0.0,0.0,2.7842085871256068e-05,2.1355066007251847e-05
B,37,fixed::minicheck_ft5,3236,364.02877976621477,0.0,0.0,0.0,2.6699935904288452e-05,2.6734548417116863e-05
B,37,fixed::alignscore,3236,561.6505837401235,0.0,0.0,0.0,2.662082672854759e-05,2.1800064114561335e-05
B,37,fixed::lettuce_v2,3236,61.60762110813256,0.0,0.0,0.0,2.6729601845191272e-05,1.1129791329457104e-05
B,37,fixed::granite_guardian_3_1_2b,3236,131.81202981387514,0.0,0.0,0.0,2.6250000218820514e-05,2.3486094161630948e-05
B,37,fixed::granite_guardian_3_2_3b_a800m,3236,263.87175500455834,0.0,0.0,0.0,2.6754325711052078e-05,2.1844565274357355e-05
B,37,fixed::granite_guardian_3_2_8b_factuality,3236,690.0147674194055,0.0,0.0,0.0,2.656644141866753e-05,1.4259892106297966e-05
B,37,fixed::granite_guardian_4_1_3b_factuality_lora,3236,376.7556717445145,0.0,0.0,0.0,2.6902655415566195e-05,2.415327878918715e-05
B,37,fixed::qwen30_fast,3236,211.64676892352674,0.0,0.0,0.0,2.7896480174903262e-05,1.8170579920530925e-05
B,37,fixed::qwen30_judge,3236,600.8660680483031,0.0,0.0,0.0,2.6541717552806726e-05,1.2099193514132474e-05
B,53,OURS,3236,78.980713326441,27.29291416183124,0.03178214709512194,0.00019084023335765545,6.816872569406578e-05,4.269993757945341e-05
B,53,OURS_legacy_hp,3236,79.35178749540222,27.29291416183124,0.028287911000422678,0.00019736681230641368,6.686341080369084e-05,3.9733622295952345e-05
B,53,fixed::factcc,3236,37.602541001972064,0.0,0.0,0.0,2.7505871874357404e-05,2.291749021566815e-05
B,53,fixed::factkb,3236,37.01453778784255,0.0,0.0,0.0,2.7678925444732323e-05,2.2229912221127815e-05
B,53,fixed::hhem,3236,223.29777995245803,0.0,0.0,0.0,2.778770056137601e-05,1.4319219491220044e-05
B,53,fixed::wecheck,3236,496.01285699078085,0.0,0.0,0.0,2.7446539992551756e-05,2.4014833234757075e-05
B,53,fixed::factcg,3236,427.50411280639327,0.0,0.0,0.0,2.7580038975056245e-05,2.4232693753010688e-05
B,53,fixed::minicheck_dbta,3236,480.6411952140502,0.0,0.0,0.0,2.7313041010047267e-05,1.968881325411745e-05
B,53,fixed::minicheck_ft5,3236,364.02877976621477,0.0,0.0,0.0,2.7446539992551756e-05,2.4524105298914225e-05
B,53,fixed::alignscore,3236,561.6505837401235,0.0,0.0,0.0,2.778770056137601e-05,2.495457397541319e-05
B,53,fixed::lettuce_v2,3236,61.60762110813256,0.0,0.0,0.0,2.8959210681163777e-05,1.1327564268809258e-05
B,53,fixed::granite_guardian_3_1_2b,3236,131.81202981387514,0.0,0.0,0.0,2.6848270105686137e-05,2.2145856473461365e-05
B,53,fixed::granite_guardian_3_2_3b_a800m,3236,263.87175500455834,0.0,0.0,0.0,2.713998743967235e-05,2.1018847513469616e-05
B,53,fixed::granite_guardian_3_2_8b_factuality,3236,690.0147674194055,0.0,0.0,0.0,2.687298947466337e-05,1.5134733823290364e-05
B,53,fixed::granite_guardian_4_1_3b_factuality_lora,3236,376.7556717445145,0.0,0.0,0.0,2.697187594433945e-05,2.478646697696386e-05
B,53,fixed::qwen30_fast,3236,211.64676892352674,0.0,0.0,0.0,2.700648845716786e-05,1.7844564855566113e-05
B,53,fixed::qwen30_judge,3236,600.8660680483031,0.0,0.0,0.0,2.6630715375515194e-05,1.2099198011016043e-05
B,61,OURS,3236,79.2893489162297,27.29291416183124,0.031593872990385234,0.00019020704516987876,6.735290557391279e-05,3.514493035229685e-05
B,61,OURS_legacy_hp,3236,78.9741288662871,27.29291416183124,0.03444539307578086,6.031211698283896e-05,6.631953072358886e-05,1.711248570122976e-05
B,61,fixed::factcc,3236,37.602541001972064,0.0,0.0,0.0,2.7817366502278834e-05,1.5955810800335185e-05
B,61,fixed::factkb,3236,37.01453778784255,0.0,0.0,0.0,2.831674991946838e-05,1.485321092435443e-05
B,61,fixed::hhem,3236,223.29777995245803,0.0,0.0,0.0,2.752564916829262e-05,1.3137204651415753e-05
B,61,fixed::wecheck,3236,496.01285699078085,0.0,0.0,0.0,2.7669036797764718e-05,2.8677687782227845e-05
B,61,fixed::factcg,3236,427.50411280639327,0.0,0.0,0.0,2.9058407435806097e-05,2.391625705004724e-05
B,61,fixed::minicheck_dbta,3236,480.6411952140502,0.0,0.0,0.0,2.7184178314502127e-05,2.1191905580728103e-05
B,61,fixed::minicheck_ft5,3236,364.02877976621477,0.0,0.0,0.0,2.726853985025125e-05,2.196322454108508e-05
B,61,fixed::alignscore,3236,561.6505837401235,0.0,0.0,0.0,2.7441287632543495e-05,2.269499341045519e-05
B,61,fixed::lettuce_v2,3236,61.60762110813256,0.0,0.0,0.0,2.7787394773293337e-05,9.310257802999432e-06
B,61,fixed::granite_guardian_3_1_2b,3236,131.81202981387514,0.0,0.0,0.0,2.7723426604528343e-05,2.1088072539126438e-05
B,61,fixed::granite_guardian_3_2_3b_a800m,3236,263.87175500455834,0.0,0.0,0.0,2.7322929657014877e-05,2.526607310021819e-05
B,61,fixed::granite_guardian_3_2_8b_factuality,3236,690.0147674194055,0.0,0.0,0.0,2.747620593345458e-05,1.6168418958580537e-05
B,61,fixed::granite_guardian_4_1_3b_factuality_lora,3236,376.7556717445145,0.0,0.0,0.0,2.7411617194757107e-05,2.3233931415515166e-05
B,61,fixed::qwen30_fast,3236,211.64676892352674,0.0,0.0,0.0,2.7154822658565545e-05,1.803244465106709e-05
B,61,fixed::qwen30_judge,3236,600.8660680483031,0.0,0.0,0.0,2.7209207968445602e-05,1.2099198011016043e-05
